CustomerID,ChurnProbability,PredictedRevenue12M_EGP,Segment,AnomalyFlag,RetentionPriority
CUST-00001,0.2449,5979.58,New High-Value,0,0
CUST-00002,0.1908,4236.36,New Low-Spend,0,0
CUST-00003,0.2147,4046.4,New Low-Spend,0,0
CUST-00004,0.1579,4148.14,New Low-Spend,0,0
CUST-00005,0.1958,4597.35,New Low-Spend,0,0
CUST-00006,0.0906,5408.02,New Low-Spend,0,0
CUST-00007,0.3109,3887.06,High-Value At-Risk,0,0
CUST-00008,0.0839,5554.16,Loyal,0,0
CUST-00009,0.0617,3262.58,New Low-Spend,0,0
CUST-00010,0.1015,4267.59,New Low-Spend,0,0
CUST-00011,0.1858,4978.0,Loyal,0,0
CUST-00012,0.129,7187.3,New High-Value,0,0
CUST-00013,0.0849,5323.89,Loyal,0,0
CUST-00014,0.2747,4776.86,New Low-Spend,0,0
CUST-00015,0.2551,4659.03,New Low-Spend,0,0
CUST-00016,0.0641,5648.45,New Low-Spend,0,0
CUST-00017,0.0472,5055.78,New Low-Spend,0,0
CUST-00018,0.0743,6900.09,New High-Value,0,0
CUST-00019,0.0627,3902.73,New Low-Spend,0,0
CUST-00020,0.3448,5830.45,New High-Value,0,1
CUST-00021,0.0983,4984.28,New Low-Spend,0,0
CUST-00022,0.07,6335.02,Loyal,0,0
CUST-00023,0.4118,4786.44,New Low-Spend,0,0
CUST-00024,0.088,3879.16,New Low-Spend,0,0
CUST-00025,0.1539,4581.32,New Low-Spend,0,0
CUST-00026,0.1929,4375.0,New Low-Spend,0,0
CUST-00027,0.2798,6637.79,High-Value At-Risk,0,1
CUST-00028,0.3153,4591.01,New Low-Spend,0,0
CUST-00029,0.0709,5606.52,New Low-Spend,0,0
CUST-00030,0.1849,3924.77,High-Value At-Risk,0,0
CUST-00031,0.2066,4789.23,Loyal,0,0
CUST-00032,0.0672,7892.71,New High-Value,0,0
CUST-00033,0.045,6898.93,New High-Value,0,0
CUST-00034,0.0378,8222.29,New High-Value,0,0
CUST-00035,0.1064,5852.79,New High-Value,0,0
CUST-00036,0.2363,4628.14,New Low-Spend,0,0
CUST-00037,0.1977,4004.4,New Low-Spend,0,0
CUST-00038,0.1817,6424.76,New High-Value,0,0
CUST-00039,0.2331,5594.81,New High-Value,0,0
CUST-00040,0.0362,4236.33,New Low-Spend,0,0
CUST-00041,0.0664,7689.74,High-Value At-Risk,0,0
CUST-00042,0.1188,7818.33,New High-Value,0,0
CUST-00043,0.1383,7959.34,New High-Value,0,0
CUST-00044,0.0782,6370.82,New High-Value,0,0
CUST-00045,0.07,6841.47,New High-Value,0,0
CUST-00046,0.2856,4134.18,New Low-Spend,0,0
CUST-00047,0.2172,3160.34,New Low-Spend,0,0
CUST-00048,0.3604,3619.87,High-Value At-Risk,0,0
CUST-00049,0.0743,6263.66,New High-Value,0,0
CUST-00050,0.3196,4556.77,High-Value At-Risk,0,0
CUST-00051,0.3365,3646.1,New Low-Spend,0,0
CUST-00052,0.1651,6055.2,High-Value At-Risk,0,0
CUST-00053,0.2257,4552.35,High-Value At-Risk,0,0
CUST-00054,0.1413,7231.94,High-Value At-Risk,1,0
CUST-00055,0.105,3994.48,High-Value At-Risk,0,0
CUST-00056,0.1884,4147.67,Loyal,0,0
CUST-00057,0.3883,3841.72,High-Value At-Risk,0,0
CUST-00058,0.1153,5482.55,High-Value At-Risk,0,0
CUST-00059,0.0775,6951.04,High-Value At-Risk,0,0
CUST-00060,0.0552,7614.78,New High-Value,0,0
CUST-00061,0.0892,5108.31,New Low-Spend,0,0
CUST-00062,0.0749,4778.97,High-Value At-Risk,0,0
CUST-00063,0.2108,7706.49,New High-Value,0,0
CUST-00064,0.1306,6422.4,Loyal,0,0
CUST-00065,0.1529,5141.09,New High-Value,0,0
CUST-00066,0.2941,6817.63,New High-Value,0,1
CUST-00067,0.1889,5250.6,New Low-Spend,0,0
CUST-00068,0.1248,5810.76,New Low-Spend,0,0
CUST-00069,0.2142,4936.09,Loyal,0,0
CUST-00070,0.3483,3303.71,New Low-Spend,0,0
CUST-00071,0.247,3075.13,New Low-Spend,0,0
CUST-00072,0.2958,6859.64,New High-Value,0,1
CUST-00073,0.1351,6691.54,High-Value At-Risk,0,0
CUST-00074,0.1417,3856.14,New Low-Spend,0,0
CUST-00075,0.0492,7159.28,High-Value At-Risk,0,0
CUST-00076,0.1253,7576.07,New High-Value,0,0
CUST-00077,0.3554,5453.81,High-Value At-Risk,0,1
CUST-00078,0.1235,4419.06,New Low-Spend,1,0
CUST-00079,0.1157,7449.17,New High-Value,0,0
CUST-00080,0.1215,3881.29,New Low-Spend,0,0
CUST-00081,0.2566,3334.43,New Low-Spend,0,0
CUST-00082,0.0322,6261.73,Loyal,0,0
CUST-00083,0.4093,6694.38,New High-Value,0,1
CUST-00084,0.3191,5467.45,High-Value At-Risk,0,1
CUST-00085,0.2708,6171.21,New High-Value,0,1
CUST-00086,0.1338,3237.73,New Low-Spend,0,0
CUST-00087,0.1481,7966.16,New High-Value,0,0
CUST-00088,0.3154,4117.08,New Low-Spend,0,0
CUST-00089,0.08,6343.54,New High-Value,0,0
CUST-00090,0.4329,3668.15,High-Value At-Risk,0,0
CUST-00091,0.0448,6272.41,High-Value At-Risk,0,0
CUST-00092,0.243,4245.38,New Low-Spend,0,0
CUST-00093,0.0626,9641.13,New High-Value,0,0
CUST-00094,0.1209,6157.02,New Low-Spend,0,0
CUST-00095,0.3195,6914.16,New High-Value,0,1
CUST-00096,0.1821,7622.89,New High-Value,0,0
CUST-00097,0.1578,3962.74,New Low-Spend,0,0
CUST-00098,0.1078,6674.02,High-Value At-Risk,1,0
CUST-00099,0.0432,4506.98,New Low-Spend,0,0
CUST-00100,0.3375,2834.79,New Low-Spend,0,0
CUST-00101,0.3832,2783.27,New Low-Spend,0,0
CUST-00102,0.1674,4637.55,Loyal,0,0
CUST-00103,0.1878,8421.51,New High-Value,0,0
CUST-00104,0.1317,3463.25,New Low-Spend,0,0
CUST-00105,0.2529,4731.51,Loyal,0,0
CUST-00106,0.168,4767.65,High-Value At-Risk,0,0
CUST-00107,0.2331,3227.89,Loyal,0,0
CUST-00108,0.0732,6282.44,New Low-Spend,0,0
CUST-00109,0.3572,6549.3,New High-Value,0,1
CUST-00110,0.1763,6297.39,High-Value At-Risk,0,0
CUST-00111,0.0975,8294.72,Loyal,0,0
CUST-00112,0.2173,2718.93,New Low-Spend,0,0
CUST-00113,0.087,8594.35,Loyal,1,0
CUST-00114,0.268,4680.17,High-Value At-Risk,0,0
CUST-00115,0.1792,4837.13,Loyal,0,0
CUST-00116,0.1531,7237.41,New High-Value,0,0
CUST-00117,0.3182,6019.84,New High-Value,0,1
CUST-00118,0.4233,4024.5,New Low-Spend,0,0
CUST-00119,0.1033,4635.24,New Low-Spend,0,0
CUST-00120,0.059,8207.33,New High-Value,0,0
CUST-00121,0.0699,3953.44,New Low-Spend,0,0
CUST-00122,0.371,6675.55,High-Value At-Risk,1,1
CUST-00123,0.4425,4601.79,New Low-Spend,0,0
CUST-00124,0.2572,3116.49,New Low-Spend,0,0
CUST-00125,0.1694,7133.47,New High-Value,0,0
CUST-00126,0.146,7036.08,New High-Value,0,0
CUST-00127,0.3765,6638.34,New High-Value,0,1
CUST-00128,0.0536,6403.23,New Low-Spend,0,0
CUST-00129,0.2495,5665.75,New High-Value,0,0
CUST-00130,0.0749,4838.18,New Low-Spend,0,0
CUST-00131,0.2257,5289.33,New Low-Spend,0,0
CUST-00132,0.203,6603.29,New High-Value,0,0
CUST-00133,0.0889,4711.71,New Low-Spend,0,0
CUST-00134,0.1371,7264.17,High-Value At-Risk,0,0
CUST-00135,0.2767,6036.2,New High-Value,0,1
CUST-00136,0.2585,3533.15,New Low-Spend,0,0
CUST-00137,0.1118,5653.05,New High-Value,0,0
CUST-00138,0.2677,3637.21,New Low-Spend,0,0
CUST-00139,0.0587,6355.93,New High-Value,0,0
CUST-00140,0.0449,7230.44,High-Value At-Risk,0,0
CUST-00141,0.2179,4466.96,New Low-Spend,0,0
CUST-00142,0.3272,6569.3,New High-Value,0,1
CUST-00143,0.1871,4427.84,New Low-Spend,0,0
CUST-00144,0.1168,5557.31,High-Value At-Risk,0,0
CUST-00145,0.2091,4599.0,New Low-Spend,0,0
CUST-00146,0.1369,6268.26,New High-Value,0,0
CUST-00147,0.3632,5673.49,High-Value At-Risk,0,1
CUST-00148,0.0497,5761.6,Loyal,0,0
CUST-00149,0.3088,4783.64,New Low-Spend,0,0
CUST-00150,0.4162,5593.31,New High-Value,0,1
CUST-00151,0.1283,3894.04,New Low-Spend,0,0
CUST-00152,0.1269,3295.63,New Low-Spend,1,0
CUST-00153,0.316,4951.9,High-Value At-Risk,0,0
CUST-00154,0.3076,4251.16,New Low-Spend,0,0
CUST-00155,0.0581,3965.37,New Low-Spend,0,0
CUST-00156,0.286,4971.07,New High-Value,0,0
CUST-00157,0.133,5828.52,Loyal,0,0
CUST-00158,0.1235,5457.55,New High-Value,0,0
CUST-00159,0.3842,6034.98,New High-Value,0,1
CUST-00160,0.0398,5850.26,New High-Value,0,0
CUST-00161,0.0578,5474.15,New Low-Spend,0,0
CUST-00162,0.2941,4934.11,New High-Value,0,0
CUST-00163,0.0762,7826.99,High-Value At-Risk,0,0
CUST-00164,0.2864,5201.17,Loyal,0,0
CUST-00165,0.1172,6272.98,High-Value At-Risk,0,0
CUST-00166,0.2259,5299.88,Loyal,0,0
CUST-00167,0.2974,6647.7,High-Value At-Risk,0,1
CUST-00168,0.2352,7536.54,New High-Value,0,0
CUST-00169,0.3534,4680.11,New High-Value,0,0
CUST-00170,0.4309,5992.96,High-Value At-Risk,1,1
CUST-00171,0.1762,4845.58,New Low-Spend,0,0
CUST-00172,0.1597,7330.68,New High-Value,0,0
CUST-00173,0.2754,4500.02,New Low-Spend,0,0
CUST-00174,0.0352,7266.0,Loyal,0,0
CUST-00175,0.0986,6226.57,New Low-Spend,0,0
CUST-00176,0.1008,6612.03,New High-Value,0,0
CUST-00177,0.1186,3935.31,New Low-Spend,0,0
CUST-00178,0.1371,5373.21,New Low-Spend,0,0
CUST-00179,0.1465,4068.08,New Low-Spend,0,0
CUST-00180,0.0679,6357.82,New High-Value,0,0
CUST-00181,0.1301,3628.49,New Low-Spend,0,0
CUST-00182,0.3946,5767.21,New High-Value,0,1
CUST-00183,0.044,6793.13,New High-Value,0,0
CUST-00184,0.1407,6058.95,New High-Value,0,0
CUST-00185,0.1956,3352.68,Loyal,0,0
CUST-00186,0.3795,6021.82,New High-Value,0,1
CUST-00187,0.1022,2809.22,New Low-Spend,0,0
CUST-00188,0.0928,6074.48,High-Value At-Risk,0,0
CUST-00189,0.0784,9164.87,New High-Value,0,0
CUST-00190,0.2825,2488.91,New Low-Spend,0,0
CUST-00191,0.0833,3544.39,New Low-Spend,0,0
CUST-00192,0.0848,4205.77,New Low-Spend,0,0
CUST-00193,0.0606,7076.96,New High-Value,0,0
CUST-00194,0.131,4318.98,Loyal,1,0
CUST-00195,0.2906,6394.59,High-Value At-Risk,0,1
CUST-00196,0.0695,4470.63,New Low-Spend,0,0
CUST-00197,0.2065,4757.38,New Low-Spend,0,0
CUST-00198,0.2168,3107.97,New Low-Spend,0,0
CUST-00199,0.2542,4875.37,High-Value At-Risk,0,0
CUST-00200,0.3573,3599.27,New Low-Spend,0,0
CUST-00201,0.3334,7136.02,New High-Value,0,1
CUST-00202,0.2778,3740.81,New Low-Spend,0,0
CUST-00203,0.0581,5556.37,New Low-Spend,0,0
CUST-00204,0.071,7112.01,New High-Value,0,0
CUST-00205,0.3672,5533.51,New High-Value,0,1
CUST-00206,0.3428,5295.51,High-Value At-Risk,0,0
CUST-00207,0.0707,4456.83,High-Value At-Risk,0,0
CUST-00208,0.3536,3617.52,New Low-Spend,0,0
CUST-00209,0.0692,5869.56,High-Value At-Risk,0,0
CUST-00210,0.0772,8249.7,New High-Value,0,0
CUST-00211,0.1584,5689.64,Loyal,0,0
CUST-00212,0.4054,3122.55,New Low-Spend,0,0
CUST-00213,0.2366,4795.43,High-Value At-Risk,0,0
CUST-00214,0.0406,6575.4,New High-Value,0,0
CUST-00215,0.299,4960.16,New High-Value,0,0
CUST-00216,0.075,7303.74,Loyal,1,0
CUST-00217,0.0763,4970.14,High-Value At-Risk,0,0
CUST-00218,0.0804,8227.51,New High-Value,0,0
CUST-00219,0.0639,5706.01,Loyal,0,0
CUST-00220,0.1074,4302.48,New Low-Spend,0,0
CUST-00221,0.4324,5829.33,High-Value At-Risk,0,1
CUST-00222,0.0465,6203.6,Loyal,0,0
CUST-00223,0.1481,4552.77,New Low-Spend,0,0
CUST-00224,0.3813,4849.83,New High-Value,0,0
CUST-00225,0.3238,3759.93,New Low-Spend,0,0
CUST-00226,0.3631,4774.56,New High-Value,0,0
CUST-00227,0.0335,6336.75,Loyal,0,0
CUST-00228,0.1541,4604.85,New High-Value,0,0
CUST-00229,0.1168,8304.95,New High-Value,0,0
CUST-00230,0.1066,7004.19,High-Value At-Risk,0,0
CUST-00231,0.2342,5458.03,Loyal,0,0
CUST-00232,0.1012,8046.94,New High-Value,0,0
CUST-00233,0.1865,4820.96,High-Value At-Risk,0,0
CUST-00234,0.1079,5712.37,Loyal,0,0
CUST-00235,0.2047,6252.43,New High-Value,0,0
CUST-00236,0.3866,5289.86,New High-Value,0,0
CUST-00237,0.2607,5456.1,New High-Value,0,1
CUST-00238,0.2942,5713.53,High-Value At-Risk,0,1
CUST-00239,0.1978,4689.59,Loyal,0,0
CUST-00240,0.4259,4657.47,New Low-Spend,0,0
CUST-00241,0.1084,4926.76,New Low-Spend,0,0
CUST-00242,0.1414,5041.77,Loyal,0,0
CUST-00243,0.1049,5420.76,New High-Value,0,0
CUST-00244,0.1085,7102.92,High-Value At-Risk,0,0
CUST-00245,0.1223,5045.35,New High-Value,0,0
CUST-00246,0.0637,7438.97,Loyal,0,0
CUST-00247,0.0822,3691.43,New Low-Spend,0,0
CUST-00248,0.0696,6976.86,New High-Value,0,0
CUST-00249,0.0803,7828.06,New High-Value,0,0
CUST-00250,0.1199,4494.99,New Low-Spend,0,0
CUST-00251,0.294,4663.93,High-Value At-Risk,0,0
CUST-00252,0.0517,6413.97,High-Value At-Risk,0,0
CUST-00253,0.0951,5528.75,High-Value At-Risk,0,0
CUST-00254,0.1947,4118.84,New Low-Spend,0,0
CUST-00255,0.1801,3876.22,New Low-Spend,0,0
CUST-00256,0.0624,6541.7,New High-Value,0,0
CUST-00257,0.0555,5796.86,New High-Value,0,0
CUST-00258,0.3065,5631.6,New High-Value,0,1
CUST-00259,0.2493,5632.61,Loyal,0,0
CUST-00260,0.1307,3420.69,New Low-Spend,0,0
CUST-00261,0.0917,5600.16,High-Value At-Risk,0,0
CUST-00262,0.0756,8624.19,New High-Value,0,0
CUST-00263,0.0499,4460.26,New Low-Spend,0,0
CUST-00264,0.1213,4514.09,Loyal,0,0
CUST-00265,0.2556,3431.66,New Low-Spend,0,0
CUST-00266,0.0616,5172.08,New Low-Spend,0,0
CUST-00267,0.0663,5748.18,New Low-Spend,0,0
CUST-00268,0.2521,4544.95,New High-Value,0,0
CUST-00269,0.3017,5356.93,New High-Value,0,1
CUST-00270,0.1669,3691.48,New Low-Spend,0,0
CUST-00271,0.0626,6676.27,Loyal,0,0
CUST-00272,0.1283,3437.66,High-Value At-Risk,0,0
CUST-00273,0.0863,5397.7,Loyal,0,0
CUST-00274,0.074,8674.0,New High-Value,0,0
CUST-00275,0.0592,4433.54,New Low-Spend,0,0
CUST-00276,0.0696,4941.97,New Low-Spend,0,0
CUST-00277,0.1189,3010.86,New Low-Spend,0,0
CUST-00278,0.3408,5705.31,High-Value At-Risk,0,1
CUST-00279,0.124,7601.89,New High-Value,0,0
CUST-00280,0.0714,6141.28,Loyal,0,0
CUST-00281,0.0939,4888.79,New Low-Spend,0,0
CUST-00282,0.0558,3864.52,New Low-Spend,0,0
CUST-00283,0.2312,4175.55,New Low-Spend,0,0
CUST-00284,0.2175,2854.56,New Low-Spend,0,0
CUST-00285,0.1899,5645.96,New High-Value,0,0
CUST-00286,0.1144,7489.46,New High-Value,1,0
CUST-00287,0.3151,5380.31,High-Value At-Risk,0,1
CUST-00288,0.0627,6213.89,New High-Value,0,0
CUST-00289,0.0442,6927.18,High-Value At-Risk,0,0
CUST-00290,0.0578,5691.73,New Low-Spend,0,0
CUST-00291,0.0853,7266.09,New High-Value,0,0
CUST-00292,0.0751,7988.21,New High-Value,0,0
CUST-00293,0.1665,3501.71,New Low-Spend,0,0
CUST-00294,0.0891,5708.09,High-Value At-Risk,0,0
CUST-00295,0.3565,5850.24,High-Value At-Risk,0,1
CUST-00296,0.1561,5572.97,Loyal,0,0
CUST-00297,0.0742,6152.28,High-Value At-Risk,0,0
CUST-00298,0.0883,6843.43,New High-Value,0,0
CUST-00299,0.3303,6290.77,New High-Value,0,1
CUST-00300,0.1734,4814.75,High-Value At-Risk,0,0
CUST-00301,0.367,4335.64,High-Value At-Risk,0,0
CUST-00302,0.0751,5909.29,New High-Value,0,0
CUST-00303,0.1035,6731.46,New High-Value,0,0
CUST-00304,0.2517,4469.23,High-Value At-Risk,0,0
CUST-00305,0.1064,6504.3,High-Value At-Risk,0,0
CUST-00306,0.0928,8941.77,New High-Value,0,0
CUST-00307,0.0597,7462.59,New High-Value,0,0
CUST-00308,0.2608,5098.92,New High-Value,0,0
CUST-00309,0.0726,5421.23,High-Value At-Risk,0,0
CUST-00310,0.23,3508.78,New Low-Spend,0,0
CUST-00311,0.2585,5804.7,High-Value At-Risk,0,1
CUST-00312,0.1076,3369.22,New Low-Spend,0,0
CUST-00313,0.2082,3757.86,New Low-Spend,0,0
CUST-00314,0.0829,4777.24,High-Value At-Risk,0,0
CUST-00315,0.2912,4763.05,New High-Value,0,0
CUST-00316,0.2196,6108.83,New High-Value,0,0
CUST-00317,0.1352,4880.25,Loyal,0,0
CUST-00318,0.218,5534.31,Loyal,0,0
CUST-00319,0.1324,6766.75,New High-Value,0,0
CUST-00320,0.1957,4678.16,High-Value At-Risk,0,0
CUST-00321,0.2295,4788.16,High-Value At-Risk,0,0
CUST-00322,0.0924,5558.21,High-Value At-Risk,0,0
CUST-00323,0.2388,5860.04,New High-Value,0,0
CUST-00324,0.132,10218.09,New High-Value,1,0
CUST-00325,0.1979,5004.5,New Low-Spend,0,0
CUST-00326,0.0546,4727.16,New Low-Spend,0,0
CUST-00327,0.1052,3644.1,New Low-Spend,0,0
CUST-00328,0.3376,6831.56,High-Value At-Risk,0,1
CUST-00329,0.0548,7492.97,Loyal,0,0
CUST-00330,0.1751,9488.0,New High-Value,0,0
CUST-00331,0.3198,4553.22,High-Value At-Risk,0,0
CUST-00332,0.044,7913.54,New High-Value,0,0
CUST-00333,0.2135,4980.71,Loyal,0,0
CUST-00334,0.0384,6473.28,New High-Value,0,0
CUST-00335,0.0818,3926.86,New Low-Spend,0,0
CUST-00336,0.191,4590.56,New High-Value,0,0
CUST-00337,0.0948,4907.73,New Low-Spend,0,0
CUST-00338,0.1137,4532.82,New Low-Spend,0,0
CUST-00339,0.0789,4777.74,New Low-Spend,0,0
CUST-00340,0.3424,6579.4,New High-Value,0,1
CUST-00341,0.1125,5105.68,High-Value At-Risk,0,0
CUST-00342,0.143,2989.05,High-Value At-Risk,1,0
CUST-00343,0.1338,4079.51,Loyal,0,0
CUST-00344,0.0333,6128.05,Loyal,0,0
CUST-00345,0.1057,4117.81,New Low-Spend,0,0
CUST-00346,0.1094,8252.19,New High-Value,0,0
CUST-00347,0.1127,4388.96,New Low-Spend,0,0
CUST-00348,0.4168,5836.47,High-Value At-Risk,0,1
CUST-00349,0.0984,6801.26,New High-Value,0,0
CUST-00350,0.1556,5363.62,New Low-Spend,0,0
CUST-00351,0.2628,5316.47,New High-Value,0,1
CUST-00352,0.2715,3601.51,New Low-Spend,0,0
CUST-00353,0.407,3259.62,New Low-Spend,0,0
CUST-00354,0.0832,7176.49,New High-Value,0,0
CUST-00355,0.1613,3303.04,New Low-Spend,0,0
CUST-00356,0.0797,6449.63,New Low-Spend,0,0
CUST-00357,0.0582,6349.42,New High-Value,0,0
CUST-00358,0.0682,5474.04,High-Value At-Risk,0,0
CUST-00359,0.3893,5421.46,High-Value At-Risk,0,1
CUST-00360,0.0464,4595.89,New Low-Spend,0,0
CUST-00361,0.2178,5985.48,New High-Value,0,0
CUST-00362,0.0958,6206.23,New High-Value,0,0
CUST-00363,0.342,5477.7,High-Value At-Risk,0,1
CUST-00364,0.1,6228.78,Loyal,0,0
CUST-00365,0.2642,6778.64,New High-Value,0,1
CUST-00366,0.4073,4997.9,New High-Value,0,0
CUST-00367,0.0508,6559.2,New High-Value,0,0
CUST-00368,0.3345,6163.97,New High-Value,0,1
CUST-00369,0.0495,4852.4,New Low-Spend,0,0
CUST-00370,0.0505,8139.2,New High-Value,0,0
CUST-00371,0.2893,5564.93,High-Value At-Risk,0,1
CUST-00372,0.2327,4713.87,New Low-Spend,0,0
CUST-00373,0.0543,4826.1,New Low-Spend,0,0
CUST-00374,0.0929,3951.51,New Low-Spend,0,0
CUST-00375,0.0595,3841.17,New Low-Spend,0,0
CUST-00376,0.3721,6800.6,New High-Value,1,1
CUST-00377,0.0792,3815.37,New Low-Spend,0,0
CUST-00378,0.4085,5190.41,New High-Value,0,0
CUST-00379,0.0776,2741.0,New Low-Spend,0,0
CUST-00380,0.0681,3601.55,Loyal,0,0
CUST-00381,0.1062,6147.61,New Low-Spend,0,0
CUST-00382,0.27,6560.39,Loyal,0,1
CUST-00383,0.1536,4101.66,New Low-Spend,0,0
CUST-00384,0.2545,4518.8,High-Value At-Risk,0,0
CUST-00385,0.2797,5576.84,High-Value At-Risk,0,1
CUST-00386,0.2542,5394.01,New High-Value,0,1
CUST-00387,0.0608,4271.36,New Low-Spend,0,0
CUST-00388,0.1267,4808.68,Loyal,0,0
CUST-00389,0.322,6282.32,New High-Value,0,1
CUST-00390,0.1775,8500.67,New High-Value,0,0
CUST-00391,0.226,3359.69,New Low-Spend,0,0
CUST-00392,0.2339,4948.98,Loyal,0,0
CUST-00393,0.0781,9169.12,New High-Value,0,0
CUST-00394,0.1018,4288.28,Loyal,0,0
CUST-00395,0.1433,4179.21,Loyal,0,0
CUST-00396,0.1017,5666.8,High-Value At-Risk,0,0
CUST-00397,0.2641,2886.48,New Low-Spend,0,0
CUST-00398,0.3351,6267.49,New High-Value,0,1
CUST-00399,0.3973,6087.62,High-Value At-Risk,0,1
CUST-00400,0.2314,2600.11,New Low-Spend,1,0
CUST-00401,0.0563,6822.52,New High-Value,0,0
CUST-00402,0.3576,4433.06,High-Value At-Risk,0,0
CUST-00403,0.2706,4824.33,New Low-Spend,0,0
CUST-00404,0.2319,5480.52,New High-Value,0,0
CUST-00405,0.1021,8303.11,New High-Value,0,0
CUST-00406,0.3071,5351.4,New High-Value,0,1
CUST-00407,0.1024,7204.02,New High-Value,0,0
CUST-00408,0.1605,3676.29,New Low-Spend,0,0
CUST-00409,0.1289,10302.36,New High-Value,0,0
CUST-00410,0.2568,4793.56,New Low-Spend,0,0
CUST-00411,0.2,3751.66,New Low-Spend,0,0
CUST-00412,0.3495,5315.45,New High-Value,0,1
CUST-00413,0.2878,3296.91,New Low-Spend,0,0
CUST-00414,0.1062,3536.56,New Low-Spend,0,0
CUST-00415,0.1456,4887.32,New Low-Spend,0,0
CUST-00416,0.0758,4606.78,Loyal,0,0
CUST-00417,0.3308,3985.63,High-Value At-Risk,0,0
CUST-00418,0.1192,8269.84,New High-Value,0,0
CUST-00419,0.1352,2271.3,New Low-Spend,0,0
CUST-00420,0.0827,8743.45,New High-Value,0,0
CUST-00421,0.1091,5381.57,High-Value At-Risk,0,0
CUST-00422,0.1626,7921.77,New High-Value,0,0
CUST-00423,0.1115,3935.71,New Low-Spend,0,0
CUST-00424,0.0634,6657.33,Loyal,0,0
CUST-00425,0.1001,2686.61,New Low-Spend,0,0
CUST-00426,0.2261,4627.47,New Low-Spend,0,0
CUST-00427,0.0673,6237.64,New High-Value,0,0
CUST-00428,0.3896,4480.55,New Low-Spend,0,0
CUST-00429,0.23,5901.51,New High-Value,0,0
CUST-00430,0.0854,7261.69,New High-Value,0,0
CUST-00431,0.3442,2316.45,New Low-Spend,1,0
CUST-00432,0.067,5940.54,New High-Value,0,0
CUST-00433,0.2898,5552.37,High-Value At-Risk,0,1
CUST-00434,0.1068,4077.77,Loyal,0,0
CUST-00435,0.0927,10373.0,New High-Value,1,0
CUST-00436,0.2913,6222.57,New High-Value,0,1
CUST-00437,0.1091,5701.65,New Low-Spend,0,0
CUST-00438,0.1126,4468.11,New Low-Spend,0,0
CUST-00439,0.0453,4911.44,New Low-Spend,0,0
CUST-00440,0.3618,4195.72,New Low-Spend,0,0
CUST-00441,0.0868,5368.82,New High-Value,0,0
CUST-00442,0.3678,4116.53,New Low-Spend,0,0
CUST-00443,0.3314,3834.5,New Low-Spend,0,0
CUST-00444,0.3194,4785.82,New High-Value,0,0
CUST-00445,0.2371,6076.53,New High-Value,0,0
CUST-00446,0.3086,5674.75,New High-Value,0,1
CUST-00447,0.3238,3829.06,New Low-Spend,0,0
CUST-00448,0.3928,4074.29,New Low-Spend,0,0
CUST-00449,0.0951,4532.96,New Low-Spend,0,0
CUST-00450,0.2612,4159.76,New Low-Spend,0,0
CUST-00451,0.2153,4355.29,High-Value At-Risk,0,0
CUST-00452,0.1336,6689.66,New High-Value,0,0
CUST-00453,0.2447,5002.09,New High-Value,0,0
CUST-00454,0.0722,5308.47,New Low-Spend,0,0
CUST-00455,0.0459,7083.14,New High-Value,0,0
CUST-00456,0.1716,5409.09,New Low-Spend,1,0
CUST-00457,0.09,4505.76,New Low-Spend,0,0
CUST-00458,0.2905,5369.81,New High-Value,0,1
CUST-00459,0.0768,4269.1,New Low-Spend,0,0
CUST-00460,0.1431,6600.65,Loyal,0,0
CUST-00461,0.3942,3419.8,New Low-Spend,1,0
CUST-00462,0.2087,3886.69,Loyal,0,0
CUST-00463,0.2045,5145.16,New High-Value,0,0
CUST-00464,0.0659,5128.52,New Low-Spend,0,0
CUST-00465,0.304,5559.45,New High-Value,0,1
CUST-00466,0.2497,6224.55,New High-Value,0,0
CUST-00467,0.4436,3994.34,New Low-Spend,0,0
CUST-00468,0.0413,3265.25,New Low-Spend,0,0
CUST-00469,0.0979,6754.27,New High-Value,0,0
CUST-00470,0.0804,5057.37,New Low-Spend,0,0
CUST-00471,0.1199,7215.45,Loyal,0,0
CUST-00472,0.1063,6897.86,High-Value At-Risk,0,0
CUST-00473,0.1551,6698.25,New High-Value,0,0
CUST-00474,0.1425,4969.14,New High-Value,0,0
CUST-00475,0.2374,5604.45,Loyal,0,0
CUST-00476,0.2615,4876.26,Loyal,0,0
CUST-00477,0.1781,6623.89,High-Value At-Risk,0,0
CUST-00478,0.2558,5313.25,High-Value At-Risk,0,0
CUST-00479,0.2396,3887.61,New Low-Spend,0,0
CUST-00480,0.0959,6515.12,High-Value At-Risk,0,0
CUST-00481,0.2425,5150.77,New Low-Spend,0,0
CUST-00482,0.1539,5127.57,New High-Value,0,0
CUST-00483,0.191,4824.35,New High-Value,0,0
CUST-00484,0.0986,3952.29,High-Value At-Risk,0,0
CUST-00485,0.1555,4984.0,Loyal,0,0
CUST-00486,0.2081,7106.21,New High-Value,0,0
CUST-00487,0.3569,4191.79,High-Value At-Risk,0,0
CUST-00488,0.0668,6470.48,New High-Value,0,0
CUST-00489,0.4389,5596.81,High-Value At-Risk,0,1
CUST-00490,0.1816,4314.34,Loyal,0,0
CUST-00491,0.0755,6892.7,Loyal,0,0
CUST-00492,0.0756,5162.83,Loyal,0,0
CUST-00493,0.1884,3301.79,New Low-Spend,0,0
CUST-00494,0.2022,4513.66,High-Value At-Risk,0,0
CUST-00495,0.1713,5126.58,High-Value At-Risk,0,0
CUST-00496,0.173,4900.17,High-Value At-Risk,0,0
CUST-00497,0.1042,4238.98,Loyal,0,0
CUST-00498,0.1313,7435.49,High-Value At-Risk,0,0
CUST-00499,0.136,4091.94,New Low-Spend,0,0
CUST-00500,0.0463,4234.75,Loyal,0,0
CUST-00501,0.2885,5511.51,New High-Value,0,1
CUST-00502,0.0884,6071.08,High-Value At-Risk,0,0
CUST-00503,0.2149,3313.17,High-Value At-Risk,1,0
CUST-00504,0.1105,5998.35,New High-Value,0,0
CUST-00505,0.2307,4303.32,High-Value At-Risk,0,0
CUST-00506,0.055,3836.3,New Low-Spend,0,0
CUST-00507,0.0728,5632.85,Loyal,0,0
CUST-00508,0.0815,5356.7,High-Value At-Risk,0,0
CUST-00509,0.1132,5405.03,High-Value At-Risk,0,0
CUST-00510,0.3264,5503.48,New High-Value,0,1
CUST-00511,0.1807,5542.58,New High-Value,0,0
CUST-00512,0.1751,3799.41,New Low-Spend,0,0
CUST-00513,0.08,5729.02,New Low-Spend,0,0
CUST-00514,0.0714,4942.07,Loyal,0,0
CUST-00515,0.1911,2935.08,New Low-Spend,0,0
CUST-00516,0.1949,4224.26,Loyal,0,0
CUST-00517,0.0743,3690.61,New Low-Spend,0,0
CUST-00518,0.0526,7671.85,New High-Value,0,0
CUST-00519,0.1575,3462.84,New Low-Spend,0,0
CUST-00520,0.1617,5201.87,New High-Value,0,0
CUST-00521,0.0771,5130.63,New Low-Spend,0,0
CUST-00522,0.3109,6843.13,High-Value At-Risk,0,1
CUST-00523,0.235,5787.13,New High-Value,0,0
CUST-00524,0.3535,5575.86,New High-Value,0,1
CUST-00525,0.4424,5148.29,New Low-Spend,0,0
CUST-00526,0.2761,5901.86,New High-Value,0,1
CUST-00527,0.1141,5397.79,New Low-Spend,0,0
CUST-00528,0.0869,6634.41,New High-Value,0,0
CUST-00529,0.0701,5392.38,New High-Value,0,0
CUST-00530,0.1017,4854.16,New Low-Spend,0,0
CUST-00531,0.3212,3989.56,New Low-Spend,1,0
CUST-00532,0.224,4980.1,New High-Value,0,0
CUST-00533,0.2422,5695.65,Loyal,0,0
CUST-00534,0.1753,4886.28,New High-Value,0,0
CUST-00535,0.034,5622.84,Loyal,0,0
CUST-00536,0.3511,6003.43,New High-Value,0,1
CUST-00537,0.1532,4190.87,New Low-Spend,0,0
CUST-00538,0.1053,4032.54,New Low-Spend,0,0
CUST-00539,0.2395,3421.77,New Low-Spend,0,0
CUST-00540,0.2951,3715.27,New Low-Spend,0,0
CUST-00541,0.38,5960.17,High-Value At-Risk,0,1
CUST-00542,0.0821,6810.25,New High-Value,0,0
CUST-00543,0.0634,8148.81,New High-Value,0,0
CUST-00544,0.1725,5144.81,High-Value At-Risk,0,0
CUST-00545,0.0462,5734.66,New High-Value,0,0
CUST-00546,0.1351,5793.75,New High-Value,0,0
CUST-00547,0.3794,5207.69,High-Value At-Risk,0,0
CUST-00548,0.1829,7731.08,New High-Value,0,0
CUST-00549,0.2505,5200.96,New High-Value,0,0
CUST-00550,0.1602,5398.73,New High-Value,0,0
CUST-00551,0.0632,6628.24,Loyal,0,0
CUST-00552,0.2411,4981.23,Loyal,0,0
CUST-00553,0.3347,5558.31,New High-Value,0,1
CUST-00554,0.0941,6462.15,New Low-Spend,0,0
CUST-00555,0.2512,7213.28,New High-Value,0,1
CUST-00556,0.0586,4670.34,New Low-Spend,0,0
CUST-00557,0.4471,4659.37,New Low-Spend,0,0
CUST-00558,0.2425,4332.06,New Low-Spend,0,0
CUST-00559,0.2698,4341.45,New Low-Spend,0,0
CUST-00560,0.3262,3656.83,High-Value At-Risk,0,0
CUST-00561,0.4465,3993.85,New Low-Spend,0,0
CUST-00562,0.1141,7314.67,New High-Value,0,0
CUST-00563,0.0786,7841.1,New High-Value,0,0
CUST-00564,0.0433,5096.68,New Low-Spend,0,0
CUST-00565,0.4413,4318.84,High-Value At-Risk,0,0
CUST-00566,0.1034,7879.51,New High-Value,0,0
CUST-00567,0.3032,5550.07,High-Value At-Risk,0,1
CUST-00568,0.0998,10510.87,High-Value At-Risk,0,0
CUST-00569,0.0683,6400.18,New High-Value,0,0
CUST-00570,0.1539,7938.64,High-Value At-Risk,1,0
CUST-00571,0.2627,7088.46,New High-Value,0,1
CUST-00572,0.0634,2720.19,New Low-Spend,0,0
CUST-00573,0.1643,7071.14,High-Value At-Risk,0,0
CUST-00574,0.3017,6278.46,New High-Value,0,1
CUST-00575,0.0924,3589.52,New Low-Spend,0,0
CUST-00576,0.1895,5538.14,High-Value At-Risk,0,0
CUST-00577,0.3198,5412.55,High-Value At-Risk,0,1
CUST-00578,0.0565,6448.18,New High-Value,0,0
CUST-00579,0.0943,6818.32,New High-Value,0,0
CUST-00580,0.1421,5048.29,New Low-Spend,0,0
CUST-00581,0.2673,2257.46,New Low-Spend,0,0
CUST-00582,0.1363,6211.3,Loyal,0,0
CUST-00583,0.2825,6821.98,New High-Value,0,1
CUST-00584,0.1959,3814.78,New Low-Spend,0,0
CUST-00585,0.3453,4797.8,High-Value At-Risk,0,0
CUST-00586,0.0843,5221.3,New Low-Spend,0,0
CUST-00587,0.1355,4120.68,New Low-Spend,0,0
CUST-00588,0.1633,4498.98,New Low-Spend,0,0
CUST-00589,0.2495,5919.44,Loyal,0,0
CUST-00590,0.1513,5693.66,New High-Value,0,0
CUST-00591,0.2513,6802.77,New High-Value,0,1
CUST-00592,0.3024,3612.25,Loyal,1,0
CUST-00593,0.352,3265.2,New Low-Spend,0,0
CUST-00594,0.1359,4370.78,Loyal,0,0
CUST-00595,0.0929,5464.99,High-Value At-Risk,0,0
CUST-00596,0.0855,5983.83,Loyal,0,0
CUST-00597,0.2325,4238.41,New Low-Spend,0,0
CUST-00598,0.3831,3856.45,New Low-Spend,0,0
CUST-00599,0.0878,4088.79,New Low-Spend,0,0
CUST-00600,0.2495,4949.62,Loyal,0,0
CUST-00601,0.0637,7300.59,New High-Value,0,0
CUST-00602,0.1081,7554.08,New High-Value,0,0
CUST-00603,0.229,4552.15,High-Value At-Risk,0,0
CUST-00604,0.1967,6268.72,New High-Value,0,0
CUST-00605,0.2189,4520.02,Loyal,0,0
CUST-00606,0.242,5847.7,New High-Value,0,0
CUST-00607,0.0802,3958.23,New Low-Spend,0,0
CUST-00608,0.2785,5091.84,High-Value At-Risk,0,0
CUST-00609,0.2163,7676.62,Loyal,1,0
CUST-00610,0.2691,3597.87,New Low-Spend,0,0
CUST-00611,0.3402,6577.54,New High-Value,0,1
CUST-00612,0.348,3220.95,New Low-Spend,0,0
CUST-00613,0.354,5627.26,New High-Value,0,1
CUST-00614,0.1248,3961.77,New Low-Spend,0,0
CUST-00615,0.4171,5443.88,New High-Value,0,1
CUST-00616,0.0281,7265.75,New High-Value,0,0
CUST-00617,0.1503,5616.56,New High-Value,0,0
CUST-00618,0.2358,4674.41,New Low-Spend,0,0
CUST-00619,0.0574,9050.17,Loyal,1,0
CUST-00620,0.1875,4966.17,New Low-Spend,0,0
CUST-00621,0.0753,5542.95,New High-Value,0,0
CUST-00622,0.0391,6362.5,New High-Value,0,0
CUST-00623,0.1346,6716.97,New High-Value,0,0
CUST-00624,0.2518,4126.71,Loyal,0,0
CUST-00625,0.1216,5739.65,High-Value At-Risk,0,0
CUST-00626,0.2982,4745.33,New Low-Spend,0,0
CUST-00627,0.1254,3563.92,New Low-Spend,0,0
CUST-00628,0.1656,7455.0,New High-Value,0,0
CUST-00629,0.3504,4018.84,New Low-Spend,0,0
CUST-00630,0.0592,5582.91,Loyal,0,0
CUST-00631,0.0527,8035.18,New High-Value,0,0
CUST-00632,0.1385,10168.89,New High-Value,0,0
CUST-00633,0.0823,6836.88,New High-Value,0,0
CUST-00634,0.1893,5352.98,High-Value At-Risk,0,0
CUST-00635,0.1808,6771.35,New High-Value,0,0
CUST-00636,0.1102,6117.94,High-Value At-Risk,0,0
CUST-00637,0.0483,4522.9,New Low-Spend,0,0
CUST-00638,0.0644,4514.78,New Low-Spend,0,0
CUST-00639,0.1141,4956.81,New Low-Spend,0,0
CUST-00640,0.0978,5067.6,New Low-Spend,0,0
CUST-00641,0.274,3941.61,High-Value At-Risk,0,0
CUST-00642,0.0417,4844.1,New Low-Spend,0,0
CUST-00643,0.2453,3883.91,High-Value At-Risk,0,0
CUST-00644,0.2796,3287.4,New Low-Spend,0,0
CUST-00645,0.205,5862.15,New High-Value,0,0
CUST-00646,0.0481,5353.44,New Low-Spend,0,0
CUST-00647,0.078,5468.54,New High-Value,0,0
CUST-00648,0.1279,4281.9,New Low-Spend,0,0
CUST-00649,0.2625,4240.63,New Low-Spend,0,0
CUST-00650,0.1742,3980.52,New Low-Spend,0,0
CUST-00651,0.1912,4112.31,New Low-Spend,0,0
CUST-00652,0.2062,3914.17,Loyal,0,0
CUST-00653,0.0649,5581.13,High-Value At-Risk,0,0
CUST-00654,0.1395,5100.58,Loyal,0,0
CUST-00655,0.2582,5416.18,High-Value At-Risk,0,1
CUST-00656,0.1471,2299.41,New Low-Spend,0,0
CUST-00657,0.2191,4802.91,New High-Value,0,0
CUST-00658,0.0346,5296.31,New Low-Spend,0,0
CUST-00659,0.2566,4762.43,New High-Value,0,0
CUST-00660,0.1137,5420.86,High-Value At-Risk,0,0
CUST-00661,0.1055,4431.7,New Low-Spend,0,0
CUST-00662,0.2209,4916.64,Loyal,0,0
CUST-00663,0.0854,8566.44,New High-Value,0,0
CUST-00664,0.1064,8136.09,High-Value At-Risk,0,0
CUST-00665,0.0374,4981.92,New Low-Spend,0,0
CUST-00666,0.0507,4775.58,New Low-Spend,0,0
CUST-00667,0.2785,5082.8,New Low-Spend,0,0
CUST-00668,0.1782,5251.79,High-Value At-Risk,0,0
CUST-00669,0.2182,4932.05,New Low-Spend,0,0
CUST-00670,0.291,3469.54,New Low-Spend,0,0
CUST-00671,0.2346,5373.72,New High-Value,0,0
CUST-00672,0.4106,3355.28,High-Value At-Risk,0,0
CUST-00673,0.2196,4490.41,Loyal,0,0
CUST-00674,0.2779,5313.38,New High-Value,0,0
CUST-00675,0.0623,5526.01,Loyal,0,0
CUST-00676,0.2281,7016.89,New High-Value,0,0
CUST-00677,0.1543,4601.85,New Low-Spend,0,0
CUST-00678,0.3344,6197.21,New High-Value,0,1
CUST-00679,0.1238,8286.75,New High-Value,0,0
CUST-00680,0.1452,5426.28,New Low-Spend,0,0
CUST-00681,0.0639,8110.93,New High-Value,0,0
CUST-00682,0.3361,5142.43,New High-Value,0,0
CUST-00683,0.3589,3076.98,New Low-Spend,0,0
CUST-00684,0.105,6883.04,New High-Value,0,0
CUST-00685,0.2033,5676.94,Loyal,0,0
CUST-00686,0.3925,4182.36,High-Value At-Risk,0,0
CUST-00687,0.2908,3277.25,New Low-Spend,0,0
CUST-00688,0.2122,5358.3,New High-Value,0,0
CUST-00689,0.1175,3664.63,Loyal,0,0
CUST-00690,0.2218,4468.67,New Low-Spend,0,0
CUST-00691,0.1851,4904.35,New Low-Spend,0,0
CUST-00692,0.0709,6302.74,New High-Value,0,0
CUST-00693,0.1612,3899.93,New Low-Spend,0,0
CUST-00694,0.2604,5774.98,Loyal,0,1
CUST-00695,0.0648,5437.41,New Low-Spend,0,0
CUST-00696,0.2378,3479.04,Loyal,0,0
CUST-00697,0.0541,4510.21,New Low-Spend,0,0
CUST-00698,0.1299,5796.79,Loyal,0,0
CUST-00699,0.1117,4884.22,New Low-Spend,0,0
CUST-00700,0.0734,7359.62,New High-Value,0,0
CUST-00701,0.4283,2027.6,New Low-Spend,0,0
CUST-00702,0.0505,5500.16,Loyal,0,0
CUST-00703,0.1766,6208.35,High-Value At-Risk,0,0
CUST-00704,0.0898,5417.25,Loyal,0,0
CUST-00705,0.3017,2997.67,New Low-Spend,0,0
CUST-00706,0.2394,5515.97,New High-Value,0,0
CUST-00707,0.1786,4721.34,Loyal,0,0
CUST-00708,0.0932,7441.93,High-Value At-Risk,0,0
CUST-00709,0.3881,5698.46,New High-Value,1,1
CUST-00710,0.2828,4118.17,New Low-Spend,0,0
CUST-00711,0.0538,7451.12,New High-Value,0,0
CUST-00712,0.4463,3847.07,New Low-Spend,0,0
CUST-00713,0.0836,5416.89,New Low-Spend,0,0
CUST-00714,0.1029,3113.38,Loyal,0,0
CUST-00715,0.0973,4516.18,High-Value At-Risk,0,0
CUST-00716,0.2054,4762.23,Loyal,0,0
CUST-00717,0.2294,3997.23,New Low-Spend,0,0
CUST-00718,0.2942,6046.91,New High-Value,0,1
CUST-00719,0.2659,4896.05,High-Value At-Risk,0,0
CUST-00720,0.2624,3593.11,New Low-Spend,0,0
CUST-00721,0.3412,4583.51,High-Value At-Risk,0,0
CUST-00722,0.0907,5589.17,Loyal,0,0
CUST-00723,0.4279,6345.3,High-Value At-Risk,0,1
CUST-00724,0.3789,4464.87,High-Value At-Risk,1,0
CUST-00725,0.3933,4506.89,High-Value At-Risk,0,0
CUST-00726,0.2749,4813.66,High-Value At-Risk,0,0
CUST-00727,0.0373,6913.83,Loyal,0,0
CUST-00728,0.2385,3888.52,New Low-Spend,0,0
CUST-00729,0.0509,3997.38,New Low-Spend,0,0
CUST-00730,0.0902,7683.08,New High-Value,0,0
CUST-00731,0.0559,5331.63,Loyal,0,0
CUST-00732,0.0662,5177.93,Loyal,0,0
CUST-00733,0.1191,5232.65,Loyal,0,0
CUST-00734,0.0301,6188.93,Loyal,0,0
CUST-00735,0.0914,3617.31,New Low-Spend,0,0
CUST-00736,0.103,4154.43,New Low-Spend,0,0
CUST-00737,0.2905,4581.35,High-Value At-Risk,0,0
CUST-00738,0.2512,6393.32,New High-Value,0,1
CUST-00739,0.0438,4712.27,Loyal,0,0
CUST-00740,0.3087,5632.41,New High-Value,0,1
CUST-00741,0.1106,5493.09,High-Value At-Risk,0,0
CUST-00742,0.1623,4757.18,New Low-Spend,0,0
CUST-00743,0.2623,5669.88,New High-Value,0,1
CUST-00744,0.2764,5043.08,New High-Value,0,0
CUST-00745,0.2765,5371.79,New High-Value,0,1
CUST-00746,0.2433,3399.56,New Low-Spend,0,0
CUST-00747,0.0846,5508.96,New Low-Spend,0,0
CUST-00748,0.1016,6957.93,New High-Value,0,0
CUST-00749,0.0863,3208.34,New Low-Spend,0,0
CUST-00750,0.1086,4447.43,Loyal,0,0
CUST-00751,0.0949,3690.76,New Low-Spend,0,0
CUST-00752,0.1119,5781.84,New High-Value,0,0
CUST-00753,0.1115,7509.75,New High-Value,0,0
CUST-00754,0.124,9196.6,New High-Value,0,0
CUST-00755,0.0896,6513.97,High-Value At-Risk,0,0
CUST-00756,0.1621,4517.11,High-Value At-Risk,0,0
CUST-00757,0.0716,4849.15,New Low-Spend,0,0
CUST-00758,0.2226,5023.82,New High-Value,0,0
CUST-00759,0.2578,5791.26,High-Value At-Risk,0,1
CUST-00760,0.1073,4796.32,New Low-Spend,0,0
CUST-00761,0.0746,8100.51,Loyal,0,0
CUST-00762,0.158,5432.86,New High-Value,0,0
CUST-00763,0.261,4913.64,Loyal,0,0
CUST-00764,0.0738,5881.85,Loyal,0,0
CUST-00765,0.3155,4198.93,New Low-Spend,0,0
CUST-00766,0.2256,4406.74,New Low-Spend,0,0
CUST-00767,0.133,3887.32,New Low-Spend,0,0
CUST-00768,0.0478,6140.18,New Low-Spend,0,0
CUST-00769,0.1932,3913.45,New Low-Spend,0,0
CUST-00770,0.2433,6179.57,Loyal,1,0
CUST-00771,0.2445,4223.56,New Low-Spend,0,0
CUST-00772,0.2728,5352.01,New High-Value,0,1
CUST-00773,0.0843,6150.54,New High-Value,0,0
CUST-00774,0.0715,3626.05,New Low-Spend,0,0
CUST-00775,0.3923,3283.59,New Low-Spend,0,0
CUST-00776,0.2068,3885.15,New Low-Spend,0,0
CUST-00777,0.2548,4516.3,New Low-Spend,0,0
CUST-00778,0.1599,4020.67,New Low-Spend,0,0
CUST-00779,0.4509,3710.74,New Low-Spend,0,0
CUST-00780,0.1838,5329.19,New High-Value,0,0
CUST-00781,0.0948,4222.24,Loyal,0,0
CUST-00782,0.1435,3259.28,New Low-Spend,0,0
CUST-00783,0.1187,6284.8,Loyal,0,0
CUST-00784,0.1776,3908.85,New Low-Spend,0,0
CUST-00785,0.0676,6258.08,New High-Value,0,0
CUST-00786,0.1184,7312.57,New High-Value,0,0
CUST-00787,0.2418,4236.36,New Low-Spend,0,0
CUST-00788,0.2049,5726.83,New High-Value,0,0
CUST-00789,0.1021,5768.16,Loyal,0,0
CUST-00790,0.1908,5385.06,Loyal,0,0
CUST-00791,0.3017,3595.78,New Low-Spend,0,0
CUST-00792,0.1823,5006.21,High-Value At-Risk,0,0
CUST-00793,0.1288,4912.24,New Low-Spend,0,0
CUST-00794,0.294,5834.85,New High-Value,0,1
CUST-00795,0.254,4393.09,High-Value At-Risk,0,0
CUST-00796,0.2071,4457.61,High-Value At-Risk,0,0
CUST-00797,0.102,5631.83,New Low-Spend,0,0
CUST-00798,0.2472,3674.13,New Low-Spend,0,0
CUST-00799,0.0513,8308.78,New High-Value,0,0
CUST-00800,0.1582,6531.03,New High-Value,0,0
CUST-00801,0.1723,3741.46,New Low-Spend,0,0
CUST-00802,0.2487,3754.24,High-Value At-Risk,0,0
CUST-00803,0.0842,8789.96,High-Value At-Risk,1,0
CUST-00804,0.0633,4424.19,New Low-Spend,0,0
CUST-00805,0.2755,6035.02,New High-Value,0,1
CUST-00806,0.2476,5330.21,High-Value At-Risk,0,0
CUST-00807,0.2953,4588.54,High-Value At-Risk,0,0
CUST-00808,0.1464,6157.16,New High-Value,0,0
CUST-00809,0.4353,4549.77,High-Value At-Risk,0,0
CUST-00810,0.3546,6674.55,New High-Value,0,1
CUST-00811,0.399,5120.91,New Low-Spend,0,0
CUST-00812,0.0667,5907.23,Loyal,0,0
CUST-00813,0.0662,5518.91,New Low-Spend,0,0
CUST-00814,0.1214,7395.93,New High-Value,0,0
CUST-00815,0.0605,5795.51,Loyal,0,0
CUST-00816,0.1026,6519.61,New High-Value,0,0
CUST-00817,0.3099,3308.64,New Low-Spend,0,0
CUST-00818,0.1564,7150.67,New High-Value,0,0
CUST-00819,0.301,3182.93,New Low-Spend,0,0
CUST-00820,0.1126,3005.92,New Low-Spend,0,0
CUST-00821,0.1546,7536.2,High-Value At-Risk,0,0
CUST-00822,0.126,7342.31,Loyal,0,0
CUST-00823,0.2448,5678.62,High-Value At-Risk,0,0
CUST-00824,0.1065,7109.17,High-Value At-Risk,0,0
CUST-00825,0.2264,5391.25,New High-Value,0,0
CUST-00826,0.1425,4340.93,Loyal,0,0
CUST-00827,0.3563,4527.2,New Low-Spend,0,0
CUST-00828,0.1393,5409.43,New High-Value,0,0
CUST-00829,0.0523,6809.99,High-Value At-Risk,0,0
CUST-00830,0.278,5410.93,New High-Value,0,1
CUST-00831,0.4021,3718.02,New Low-Spend,0,0
CUST-00832,0.1371,6192.63,New High-Value,0,0
CUST-00833,0.107,3881.06,New Low-Spend,0,0
CUST-00834,0.351,3053.09,High-Value At-Risk,0,0
CUST-00835,0.3212,6316.76,New High-Value,0,1
CUST-00836,0.2324,4083.37,New Low-Spend,0,0
CUST-00837,0.2667,4767.66,New High-Value,0,0
CUST-00838,0.0906,5465.24,High-Value At-Risk,0,0
CUST-00839,0.0918,5623.28,Loyal,0,0
CUST-00840,0.1465,3422.67,New Low-Spend,0,0
CUST-00841,0.3691,4806.46,New Low-Spend,0,0
CUST-00842,0.4063,3849.23,New Low-Spend,0,0
CUST-00843,0.065,7341.69,High-Value At-Risk,0,0
CUST-00844,0.3351,6074.95,New High-Value,0,1
CUST-00845,0.2178,3774.84,Loyal,0,0
CUST-00846,0.085,5226.49,Loyal,1,0
CUST-00847,0.0875,4909.51,High-Value At-Risk,0,0
CUST-00848,0.3171,4958.06,New High-Value,0,0
CUST-00849,0.2745,3462.26,New Low-Spend,0,0
CUST-00850,0.226,5615.29,New High-Value,0,0
CUST-00851,0.0698,4657.25,Loyal,0,0
CUST-00852,0.1681,4850.87,New Low-Spend,0,0
CUST-00853,0.1743,5644.56,New High-Value,0,0
CUST-00854,0.032,5137.28,New Low-Spend,0,0
CUST-00855,0.211,6277.69,New High-Value,0,0
CUST-00856,0.2323,4757.07,Loyal,0,0
CUST-00857,0.091,5792.6,New Low-Spend,0,0
CUST-00858,0.3687,4715.23,New High-Value,0,0
CUST-00859,0.0634,7492.04,High-Value At-Risk,0,0
CUST-00860,0.0834,5316.0,New Low-Spend,0,0
CUST-00861,0.1209,5192.81,Loyal,0,0
CUST-00862,0.0981,9010.16,New High-Value,0,0
CUST-00863,0.1035,6502.4,New High-Value,0,0
CUST-00864,0.1147,7203.62,High-Value At-Risk,0,0
CUST-00865,0.1061,8008.78,New High-Value,0,0
CUST-00866,0.1968,4634.55,High-Value At-Risk,0,0
CUST-00867,0.3134,4781.0,Loyal,0,0
CUST-00868,0.0702,5809.08,Loyal,0,0
CUST-00869,0.2714,4890.96,New High-Value,0,0
CUST-00870,0.151,5022.09,Loyal,0,0
CUST-00871,0.2176,5266.98,Loyal,0,0
CUST-00872,0.2808,4743.67,New Low-Spend,0,0
CUST-00873,0.0881,4689.19,New Low-Spend,0,0
CUST-00874,0.1112,5055.47,New Low-Spend,0,0
CUST-00875,0.1682,8108.16,New High-Value,0,0
CUST-00876,0.2161,3346.74,New Low-Spend,0,0
CUST-00877,0.1119,5220.35,Loyal,0,0
CUST-00878,0.0349,6242.27,Loyal,0,0
CUST-00879,0.2285,5738.77,New High-Value,0,0
CUST-00880,0.1049,5275.48,New High-Value,0,0
CUST-00881,0.1931,5167.43,High-Value At-Risk,1,0
CUST-00882,0.3562,5553.66,New High-Value,0,1
CUST-00883,0.3691,5994.55,New Low-Spend,0,1
CUST-00884,0.0655,5195.04,Loyal,0,0
CUST-00885,0.3359,7348.43,New High-Value,0,1
CUST-00886,0.091,9018.61,New High-Value,0,0
CUST-00887,0.0662,5144.93,New Low-Spend,0,0
CUST-00888,0.373,5395.56,New High-Value,0,1
CUST-00889,0.0447,4784.85,Loyal,0,0
CUST-00890,0.1376,5442.49,High-Value At-Risk,0,0
CUST-00891,0.2577,4864.17,New High-Value,0,0
CUST-00892,0.0815,8252.11,Loyal,1,0
CUST-00893,0.1717,7468.91,New High-Value,0,0
CUST-00894,0.1128,6569.49,Loyal,0,0
CUST-00895,0.0949,3946.23,New Low-Spend,0,0
CUST-00896,0.3804,5312.17,New High-Value,0,0
CUST-00897,0.3042,3653.02,New Low-Spend,0,0
CUST-00898,0.2044,3658.58,Loyal,0,0
CUST-00899,0.1731,5468.93,New High-Value,0,0
CUST-00900,0.2071,4914.44,Loyal,0,0
CUST-00901,0.1935,5453.2,New High-Value,0,0
CUST-00902,0.1161,8469.59,High-Value At-Risk,1,0
CUST-00903,0.1686,4918.19,New Low-Spend,0,0
CUST-00904,0.0909,6704.08,New High-Value,0,0
CUST-00905,0.0722,5068.63,New Low-Spend,0,0
CUST-00906,0.1025,6900.43,New High-Value,0,0
CUST-00907,0.1588,7237.62,New High-Value,0,0
CUST-00908,0.0578,7792.95,High-Value At-Risk,0,0
CUST-00909,0.0987,7174.19,New High-Value,0,0
CUST-00910,0.147,4903.38,Loyal,0,0
CUST-00911,0.2185,3787.87,Loyal,0,0
CUST-00912,0.4651,5838.09,New High-Value,0,1
CUST-00913,0.0883,5580.89,Loyal,0,0
CUST-00914,0.0892,5142.4,High-Value At-Risk,1,0
CUST-00915,0.2321,3189.93,New Low-Spend,1,0
CUST-00916,0.0697,4583.44,New Low-Spend,0,0
CUST-00917,0.2513,3017.65,Loyal,0,0
CUST-00918,0.2457,4558.14,High-Value At-Risk,0,0
CUST-00919,0.0886,4874.74,New Low-Spend,0,0
CUST-00920,0.1127,8468.07,New High-Value,0,0
CUST-00921,0.1058,6147.9,New High-Value,0,0
CUST-00922,0.2727,4374.65,New Low-Spend,0,0
CUST-00923,0.3223,3076.64,New Low-Spend,0,0
CUST-00924,0.1382,4283.03,New Low-Spend,0,0
CUST-00925,0.2043,3545.34,New Low-Spend,0,0
CUST-00926,0.2485,6369.38,New High-Value,0,0
CUST-00927,0.0339,7332.4,Loyal,0,0
CUST-00928,0.1889,6317.78,New High-Value,0,0
CUST-00929,0.1602,8056.6,New High-Value,0,0
CUST-00930,0.2577,4330.81,New Low-Spend,0,0
CUST-00931,0.3345,5716.64,Loyal,1,1
CUST-00932,0.2574,4893.97,High-Value At-Risk,0,0
CUST-00933,0.0563,5560.19,Loyal,0,0
CUST-00934,0.2859,3883.84,High-Value At-Risk,0,0
CUST-00935,0.1753,8320.71,New High-Value,0,0
CUST-00936,0.2553,4784.06,New High-Value,0,0
CUST-00937,0.2,3861.42,New Low-Spend,0,0
CUST-00938,0.0983,4226.9,New Low-Spend,0,0
CUST-00939,0.1679,2979.7,New Low-Spend,0,0
CUST-00940,0.2223,4799.91,High-Value At-Risk,0,0
CUST-00941,0.0421,5084.46,New Low-Spend,0,0
CUST-00942,0.2555,2348.18,New Low-Spend,0,0
CUST-00943,0.1558,4188.19,New Low-Spend,0,0
CUST-00944,0.183,4431.74,New Low-Spend,0,0
CUST-00945,0.1551,6559.38,New High-Value,0,0
CUST-00946,0.3179,5534.06,New High-Value,0,1
CUST-00947,0.1309,5522.26,Loyal,0,0
CUST-00948,0.0691,5334.34,High-Value At-Risk,0,0
CUST-00949,0.098,6888.49,New High-Value,0,0
CUST-00950,0.1373,6181.86,Loyal,0,0
CUST-00951,0.244,5228.35,New High-Value,0,0
CUST-00952,0.3361,3473.97,New Low-Spend,0,0
CUST-00953,0.1646,5024.41,New High-Value,0,0
CUST-00954,0.3371,5559.71,New High-Value,0,1
CUST-00955,0.1698,4432.89,New Low-Spend,0,0
CUST-00956,0.1038,4908.21,Loyal,0,0
CUST-00957,0.1592,7286.58,New High-Value,0,0
CUST-00958,0.1268,7130.15,High-Value At-Risk,0,0
CUST-00959,0.1243,7210.24,High-Value At-Risk,0,0
CUST-00960,0.2098,5040.88,New High-Value,0,0
CUST-00961,0.3422,5468.28,High-Value At-Risk,0,1
CUST-00962,0.0842,3996.65,New Low-Spend,0,0
CUST-00963,0.2171,4047.63,Loyal,0,0
CUST-00964,0.0889,4812.71,New Low-Spend,0,0
CUST-00965,0.059,4618.63,New Low-Spend,0,0
CUST-00966,0.435,7032.68,New High-Value,1,1
CUST-00967,0.3767,4324.36,New Low-Spend,0,0
CUST-00968,0.2364,4916.87,New High-Value,0,0
CUST-00969,0.2539,2904.66,New Low-Spend,0,0
CUST-00970,0.2189,3908.81,New Low-Spend,0,0
CUST-00971,0.1076,4185.8,Loyal,0,0
CUST-00972,0.1249,5645.11,New Low-Spend,0,0
CUST-00973,0.1285,7492.44,New High-Value,0,0
CUST-00974,0.0394,5999.47,New Low-Spend,0,0
CUST-00975,0.1005,5554.42,Loyal,0,0
CUST-00976,0.2714,3208.52,New Low-Spend,0,0
CUST-00977,0.2983,5451.9,High-Value At-Risk,0,1
CUST-00978,0.116,7772.86,New High-Value,0,0
CUST-00979,0.1903,6107.99,High-Value At-Risk,0,0
CUST-00980,0.2672,5949.09,New High-Value,0,1
CUST-00981,0.0885,6417.62,New High-Value,0,0
CUST-00982,0.2604,4104.83,Loyal,1,0
CUST-00983,0.2278,6848.73,New High-Value,0,0
CUST-00984,0.0554,6985.66,New High-Value,0,0
CUST-00985,0.1591,4809.64,High-Value At-Risk,0,0
CUST-00986,0.2143,6712.18,New High-Value,0,0
CUST-00987,0.123,4926.74,New Low-Spend,1,0
CUST-00988,0.1072,6420.34,New High-Value,0,0
CUST-00989,0.2984,3317.31,New Low-Spend,0,0
CUST-00990,0.0691,5867.72,Loyal,0,0
CUST-00991,0.1887,4331.73,Loyal,0,0
CUST-00992,0.0673,7234.89,New High-Value,0,0
CUST-00993,0.2944,5698.75,New High-Value,0,1
CUST-00994,0.0413,5089.74,New Low-Spend,0,0
CUST-00995,0.0866,3771.1,New Low-Spend,0,0
CUST-00996,0.3646,5711.04,High-Value At-Risk,1,1
CUST-00997,0.4135,5834.13,New High-Value,0,1
CUST-00998,0.1836,4272.61,Loyal,0,0
CUST-00999,0.1083,4520.91,New Low-Spend,0,0
CUST-01000,0.1151,5508.19,New Low-Spend,0,0
CUST-01001,0.0881,3382.42,New Low-Spend,0,0
CUST-01002,0.0791,5826.92,New Low-Spend,0,0
CUST-01003,0.1661,4377.62,New Low-Spend,0,0
CUST-01004,0.1201,4570.97,New Low-Spend,0,0
CUST-01005,0.1577,4493.66,New Low-Spend,0,0
CUST-01006,0.1286,8241.33,High-Value At-Risk,0,0
CUST-01007,0.2584,4061.64,New High-Value,1,0
CUST-01008,0.0669,7714.42,High-Value At-Risk,1,0
CUST-01009,0.2188,6563.19,New High-Value,0,0
CUST-01010,0.2277,3503.67,New Low-Spend,0,0
CUST-01011,0.218,2525.86,New Low-Spend,0,0
CUST-01012,0.0544,7570.83,New High-Value,0,0
CUST-01013,0.1979,3648.68,New Low-Spend,0,0
CUST-01014,0.2602,5076.5,Loyal,0,0
CUST-01015,0.2249,3837.98,Loyal,1,0
CUST-01016,0.1883,3942.37,New Low-Spend,0,0
CUST-01017,0.0806,7502.09,New High-Value,0,0
CUST-01018,0.0796,9443.7,New High-Value,0,0
CUST-01019,0.1059,4652.26,New Low-Spend,0,0
CUST-01020,0.0895,4958.82,Loyal,0,0
CUST-01021,0.418,5631.3,New High-Value,0,1
CUST-01022,0.164,3879.1,New Low-Spend,0,0
CUST-01023,0.1454,6635.06,New High-Value,0,0
CUST-01024,0.0404,5835.86,Loyal,0,0
CUST-01025,0.1456,7047.06,New High-Value,0,0
CUST-01026,0.0991,8122.0,New High-Value,0,0
CUST-01027,0.195,5061.77,Loyal,0,0
CUST-01028,0.1813,3543.85,New Low-Spend,0,0
CUST-01029,0.3301,5906.45,Loyal,0,1
CUST-01030,0.1362,4531.42,New Low-Spend,0,0
CUST-01031,0.0419,5630.01,Loyal,0,0
CUST-01032,0.2892,4536.64,High-Value At-Risk,0,0
CUST-01033,0.0645,5359.02,High-Value At-Risk,0,0
CUST-01034,0.1119,5836.07,High-Value At-Risk,0,0
CUST-01035,0.1987,4178.64,New Low-Spend,0,0
CUST-01036,0.072,7954.85,New High-Value,0,0
CUST-01037,0.1513,2966.05,New Low-Spend,0,0
CUST-01038,0.3181,3610.63,High-Value At-Risk,0,0
CUST-01039,0.2602,6739.68,New High-Value,0,1
CUST-01040,0.1151,7464.08,Loyal,1,0
CUST-01041,0.1495,6251.83,New High-Value,0,0
CUST-01042,0.2257,6571.07,High-Value At-Risk,0,0
CUST-01043,0.209,4569.52,New Low-Spend,0,0
CUST-01044,0.1279,4549.68,High-Value At-Risk,0,0
CUST-01045,0.0683,5023.77,New Low-Spend,0,0
CUST-01046,0.3867,5007.72,High-Value At-Risk,0,0
CUST-01047,0.1938,3618.22,New Low-Spend,0,0
CUST-01048,0.2242,4658.1,Loyal,0,0
CUST-01049,0.0444,7262.0,New High-Value,0,0
CUST-01050,0.1347,7396.64,High-Value At-Risk,0,0
CUST-01051,0.1512,4298.41,Loyal,0,0
CUST-01052,0.1196,4532.04,New Low-Spend,0,0
CUST-01053,0.0582,3982.97,New Low-Spend,0,0
CUST-01054,0.0905,6084.9,New Low-Spend,0,0
CUST-01055,0.1811,3984.87,New Low-Spend,0,0
CUST-01056,0.1446,7916.31,New High-Value,0,0
CUST-01057,0.0304,5315.78,Loyal,0,0
CUST-01058,0.231,6449.61,New High-Value,0,0
CUST-01059,0.4366,3999.59,New Low-Spend,0,0
CUST-01060,0.3494,3122.64,New Low-Spend,0,0
CUST-01061,0.2048,3325.53,New Low-Spend,0,0
CUST-01062,0.1149,6511.32,New High-Value,0,0
CUST-01063,0.1644,6579.62,High-Value At-Risk,0,0
CUST-01064,0.4618,6478.89,New High-Value,0,1
CUST-01065,0.091,7367.48,New High-Value,0,0
CUST-01066,0.1704,3643.7,New Low-Spend,0,0
CUST-01067,0.1023,7863.12,New High-Value,0,0
CUST-01068,0.111,3827.78,New Low-Spend,0,0
CUST-01069,0.0358,6373.03,Loyal,0,0
CUST-01070,0.0546,5763.97,Loyal,0,0
CUST-01071,0.0299,6552.18,New High-Value,0,0
CUST-01072,0.0839,5484.13,Loyal,0,0
CUST-01073,0.3856,5325.79,High-Value At-Risk,0,1
CUST-01074,0.0963,4409.72,New Low-Spend,0,0
CUST-01075,0.092,4892.83,High-Value At-Risk,0,0
CUST-01076,0.2918,5068.04,High-Value At-Risk,0,0
CUST-01077,0.1043,7525.88,New High-Value,0,0
CUST-01078,0.2805,3520.99,New Low-Spend,0,0
CUST-01079,0.241,4160.42,New Low-Spend,0,0
CUST-01080,0.1448,6047.37,High-Value At-Risk,0,0
CUST-01081,0.2266,6564.66,New High-Value,0,0
CUST-01082,0.494,5293.94,High-Value At-Risk,0,0
CUST-01083,0.2071,2753.53,New Low-Spend,0,0
CUST-01084,0.0833,4966.88,New Low-Spend,0,0
CUST-01085,0.0467,5651.9,New Low-Spend,0,0
CUST-01086,0.3393,7064.73,New High-Value,0,1
CUST-01087,0.1053,8340.01,New High-Value,0,0
CUST-01088,0.0387,5156.81,Loyal,0,0
CUST-01089,0.1823,7503.21,New High-Value,0,0
CUST-01090,0.1877,6224.89,High-Value At-Risk,0,0
CUST-01091,0.0306,5189.62,Loyal,0,0
CUST-01092,0.1777,5359.98,New High-Value,0,0
CUST-01093,0.1488,3661.77,New Low-Spend,0,0
CUST-01094,0.0674,5470.63,New Low-Spend,0,0
CUST-01095,0.2345,3481.33,New Low-Spend,0,0
CUST-01096,0.3623,4094.05,New Low-Spend,0,0
CUST-01097,0.296,5630.59,New High-Value,0,1
CUST-01098,0.2481,6429.12,New High-Value,0,0
CUST-01099,0.0916,6125.3,New Low-Spend,0,0
CUST-01100,0.2434,4748.87,High-Value At-Risk,0,0
CUST-01101,0.0518,4054.57,New Low-Spend,0,0
CUST-01102,0.2433,6910.91,New High-Value,0,0
CUST-01103,0.4083,5491.29,High-Value At-Risk,0,1
CUST-01104,0.2297,4824.12,New Low-Spend,0,0
CUST-01105,0.2739,4283.73,Loyal,0,0
CUST-01106,0.1365,4580.0,New Low-Spend,0,0
CUST-01107,0.1729,6502.9,New High-Value,0,0
CUST-01108,0.0483,4952.07,New Low-Spend,0,0
CUST-01109,0.2249,2229.09,New Low-Spend,0,0
CUST-01110,0.3019,7951.52,New High-Value,0,1
CUST-01111,0.0926,5040.92,Loyal,0,0
CUST-01112,0.2583,4222.43,New Low-Spend,0,0
CUST-01113,0.219,5599.73,Loyal,0,0
CUST-01114,0.0767,4864.07,High-Value At-Risk,0,0
CUST-01115,0.2125,4026.86,Loyal,0,0
CUST-01116,0.3424,2827.58,New Low-Spend,0,0
CUST-01117,0.0982,3995.41,New Low-Spend,0,0
CUST-01118,0.1343,7488.38,New High-Value,0,0
CUST-01119,0.0607,7921.66,New High-Value,0,0
CUST-01120,0.4754,4521.9,High-Value At-Risk,0,0
CUST-01121,0.0965,3581.23,New Low-Spend,0,0
CUST-01122,0.3175,3813.35,New Low-Spend,0,0
CUST-01123,0.0891,4720.49,New Low-Spend,0,0
CUST-01124,0.1502,5533.7,New High-Value,0,0
CUST-01125,0.1779,6577.83,New High-Value,0,0
CUST-01126,0.1065,6221.2,New High-Value,0,0
CUST-01127,0.1208,6232.12,High-Value At-Risk,0,0
CUST-01128,0.3627,6114.73,New High-Value,0,1
CUST-01129,0.0667,5713.89,Loyal,0,0
CUST-01130,0.1361,4432.0,High-Value At-Risk,0,0
CUST-01131,0.2253,3606.5,New Low-Spend,0,0
CUST-01132,0.256,5025.25,New High-Value,0,0
CUST-01133,0.139,3336.18,New Low-Spend,0,0
CUST-01134,0.1634,3555.32,Loyal,0,0
CUST-01135,0.1637,5165.41,New Low-Spend,0,0
CUST-01136,0.1842,4416.89,High-Value At-Risk,0,0
CUST-01137,0.0662,5193.43,New Low-Spend,0,0
CUST-01138,0.1017,6790.66,New High-Value,0,0
CUST-01139,0.0779,5594.81,New Low-Spend,0,0
CUST-01140,0.1206,4568.95,New Low-Spend,0,0
CUST-01141,0.0487,3261.14,Loyal,0,0
CUST-01142,0.1474,4232.13,New Low-Spend,0,0
CUST-01143,0.1089,3623.19,New Low-Spend,0,0
CUST-01144,0.0633,6083.49,Loyal,0,0
CUST-01145,0.1327,8694.83,New High-Value,0,0
CUST-01146,0.2077,5568.13,New High-Value,0,0
CUST-01147,0.0866,3981.15,New Low-Spend,0,0
CUST-01148,0.0421,5916.61,Loyal,0,0
CUST-01149,0.2832,6943.3,New High-Value,0,1
CUST-01150,0.1844,7097.29,New High-Value,0,0
CUST-01151,0.0807,6345.69,New High-Value,0,0
CUST-01152,0.2229,4224.2,New Low-Spend,0,0
CUST-01153,0.3915,3469.35,New Low-Spend,0,0
CUST-01154,0.3457,5352.26,New High-Value,0,1
CUST-01155,0.11,5405.99,New Low-Spend,0,0
CUST-01156,0.225,5737.34,New High-Value,0,0
CUST-01157,0.0845,5068.33,New Low-Spend,0,0
CUST-01158,0.0889,3652.99,New Low-Spend,0,0
CUST-01159,0.0343,4667.17,Loyal,0,0
CUST-01160,0.2834,6075.6,New High-Value,0,1
CUST-01161,0.282,3646.36,High-Value At-Risk,0,0
CUST-01162,0.364,5363.22,High-Value At-Risk,0,1
CUST-01163,0.4081,6382.43,High-Value At-Risk,0,1
CUST-01164,0.1298,5184.83,Loyal,0,0
CUST-01165,0.4033,4001.04,New Low-Spend,0,0
CUST-01166,0.1406,4677.53,New Low-Spend,0,0
CUST-01167,0.094,6317.93,New High-Value,0,0
CUST-01168,0.1459,4408.45,Loyal,0,0
CUST-01169,0.1569,4645.84,Loyal,0,0
CUST-01170,0.0611,5755.61,New Low-Spend,0,0
CUST-01171,0.2926,3280.57,New Low-Spend,0,0
CUST-01172,0.0483,9717.95,Loyal,1,0
CUST-01173,0.1478,6656.67,New High-Value,0,0
CUST-01174,0.1858,3368.79,New Low-Spend,0,0
CUST-01175,0.125,7259.92,New High-Value,0,0
CUST-01176,0.0713,6046.52,New Low-Spend,0,0
CUST-01177,0.0986,5230.13,New Low-Spend,1,0
CUST-01178,0.3331,6300.59,New High-Value,0,1
CUST-01179,0.1789,4119.23,Loyal,0,0
CUST-01180,0.3348,3754.32,New Low-Spend,0,0
CUST-01181,0.1166,8266.86,New High-Value,0,0
CUST-01182,0.2467,4757.9,High-Value At-Risk,0,0
CUST-01183,0.1731,5404.02,Loyal,0,0
CUST-01184,0.2575,4793.04,High-Value At-Risk,0,0
CUST-01185,0.2916,2507.87,New Low-Spend,0,0
CUST-01186,0.2855,4138.29,New Low-Spend,0,0
CUST-01187,0.2298,2630.71,Loyal,0,0
CUST-01188,0.0455,6446.73,Loyal,0,0
CUST-01189,0.2619,6147.89,New High-Value,0,1
CUST-01190,0.33,3897.56,New Low-Spend,0,0
CUST-01191,0.1594,3231.32,New Low-Spend,0,0
CUST-01192,0.3574,5741.85,New High-Value,0,1
CUST-01193,0.1246,5941.85,New Low-Spend,0,0
CUST-01194,0.2439,2309.62,New Low-Spend,0,0
CUST-01195,0.1341,8662.73,New High-Value,0,0
CUST-01196,0.077,7393.76,High-Value At-Risk,0,0
CUST-01197,0.095,6016.84,High-Value At-Risk,0,0
CUST-01198,0.1382,6153.02,High-Value At-Risk,0,0
CUST-01199,0.2982,4364.08,New Low-Spend,0,0
CUST-01200,0.0729,5575.13,High-Value At-Risk,0,0
CUST-01201,0.208,5351.82,New High-Value,0,0
CUST-01202,0.2351,8976.99,New High-Value,0,0
CUST-01203,0.3272,2295.57,New Low-Spend,0,0
CUST-01204,0.3308,5953.03,New High-Value,0,1
CUST-01205,0.3074,4694.94,High-Value At-Risk,0,0
CUST-01206,0.113,5847.15,New High-Value,0,0
CUST-01207,0.0392,5608.13,Loyal,0,0
CUST-01208,0.1664,5564.6,High-Value At-Risk,0,0
CUST-01209,0.1561,3628.91,New Low-Spend,0,0
CUST-01210,0.1316,4292.35,New Low-Spend,0,0
CUST-01211,0.049,3800.4,New Low-Spend,0,0
CUST-01212,0.2527,4096.34,New Low-Spend,0,0
CUST-01213,0.1756,3797.06,New Low-Spend,0,0
CUST-01214,0.1701,7135.21,New High-Value,0,0
CUST-01215,0.0559,5654.33,Loyal,1,0
CUST-01216,0.0763,7486.74,New High-Value,0,0
CUST-01217,0.1258,5288.59,New Low-Spend,0,0
CUST-01218,0.0649,5140.15,New Low-Spend,0,0
CUST-01219,0.2443,3893.36,New Low-Spend,0,0
CUST-01220,0.1489,5103.49,Loyal,0,0
CUST-01221,0.0718,5455.86,New Low-Spend,0,0
CUST-01222,0.1458,3385.98,New Low-Spend,0,0
CUST-01223,0.0789,6961.98,Loyal,0,0
CUST-01224,0.134,4191.52,Loyal,0,0
CUST-01225,0.2102,5398.37,Loyal,0,0
CUST-01226,0.2561,5590.23,New High-Value,0,1
CUST-01227,0.1056,4945.86,New Low-Spend,0,0
CUST-01228,0.0496,4119.09,Loyal,0,0
CUST-01229,0.2112,3065.28,New Low-Spend,0,0
CUST-01230,0.2389,3118.23,New Low-Spend,0,0
CUST-01231,0.3624,5506.3,New High-Value,0,1
CUST-01232,0.2778,6096.17,New High-Value,0,1
CUST-01233,0.2243,6747.54,Loyal,1,0
CUST-01234,0.1197,4911.42,New Low-Spend,0,0
CUST-01235,0.1516,5419.21,Loyal,0,0
CUST-01236,0.2807,5744.51,New High-Value,0,1
CUST-01237,0.3077,6855.79,New High-Value,0,1
CUST-01238,0.1422,5979.24,New High-Value,0,0
CUST-01239,0.1473,6185.69,Loyal,0,0
CUST-01240,0.0924,5492.46,Loyal,0,0
CUST-01241,0.0776,6438.43,New High-Value,0,0
CUST-01242,0.0756,6389.79,New High-Value,0,0
CUST-01243,0.1876,3978.55,New Low-Spend,0,0
CUST-01244,0.07,3931.26,New Low-Spend,0,0
CUST-01245,0.06,5858.44,New Low-Spend,0,0
CUST-01246,0.0838,5986.8,New Low-Spend,0,0
CUST-01247,0.0565,8386.28,New High-Value,0,0
CUST-01248,0.2831,5449.22,New High-Value,0,1
CUST-01249,0.0494,5040.71,New Low-Spend,0,0
CUST-01250,0.1865,4972.84,High-Value At-Risk,0,0
CUST-01251,0.0404,6096.27,Loyal,0,0
CUST-01252,0.106,5650.63,New Low-Spend,0,0
CUST-01253,0.1061,3878.8,High-Value At-Risk,0,0
CUST-01254,0.4608,6102.32,New High-Value,0,1
CUST-01255,0.1743,4281.45,New Low-Spend,0,0
CUST-01256,0.1657,6684.76,New High-Value,0,0
CUST-01257,0.0877,5625.04,New Low-Spend,0,0
CUST-01258,0.0644,4767.63,New Low-Spend,0,0
CUST-01259,0.197,4571.51,New Low-Spend,0,0
CUST-01260,0.2607,3186.91,New Low-Spend,0,0
CUST-01261,0.2253,6849.4,New High-Value,0,0
CUST-01262,0.1106,4948.52,New Low-Spend,0,0
CUST-01263,0.0946,3635.64,New Low-Spend,0,0
CUST-01264,0.0608,5479.95,New Low-Spend,0,0
CUST-01265,0.0437,8580.02,New High-Value,0,0
CUST-01266,0.1059,6265.49,New High-Value,0,0
CUST-01267,0.2645,6924.74,New High-Value,0,1
CUST-01268,0.1872,7761.3,New High-Value,0,0
CUST-01269,0.1211,6134.99,New Low-Spend,0,0
CUST-01270,0.1102,7553.34,High-Value At-Risk,0,0
CUST-01271,0.0838,6099.38,High-Value At-Risk,0,0
CUST-01272,0.0946,5903.16,Loyal,0,0
CUST-01273,0.2536,3635.99,New Low-Spend,0,0
CUST-01274,0.0821,4982.43,New Low-Spend,0,0
CUST-01275,0.3304,6766.73,New High-Value,0,1
CUST-01276,0.3505,5696.44,New High-Value,0,1
CUST-01277,0.2348,2393.33,New Low-Spend,0,0
CUST-01278,0.2132,5717.38,Loyal,0,0
CUST-01279,0.3334,5284.18,Loyal,0,0
CUST-01280,0.0871,5996.9,Loyal,1,0
CUST-01281,0.1605,4844.41,Loyal,0,0
CUST-01282,0.1379,4231.89,High-Value At-Risk,0,0
CUST-01283,0.17,5196.0,New High-Value,0,0
CUST-01284,0.2217,4704.78,New Low-Spend,0,0
CUST-01285,0.0944,5448.39,New Low-Spend,0,0
CUST-01286,0.3546,5267.3,High-Value At-Risk,0,0
CUST-01287,0.1091,5090.42,Loyal,0,0
CUST-01288,0.0669,9571.81,New High-Value,0,0
CUST-01289,0.1235,6191.68,High-Value At-Risk,1,0
CUST-01290,0.0826,6956.91,New High-Value,0,0
CUST-01291,0.1288,3350.13,New Low-Spend,0,0
CUST-01292,0.3329,2894.45,New Low-Spend,0,0
CUST-01293,0.1112,7994.68,Loyal,0,0
CUST-01294,0.1757,7765.66,High-Value At-Risk,1,0
CUST-01295,0.3699,4441.46,New Low-Spend,0,0
CUST-01296,0.3994,6653.91,New High-Value,0,1
CUST-01297,0.0776,4957.71,New Low-Spend,0,0
CUST-01298,0.2742,3932.33,New Low-Spend,0,0
CUST-01299,0.4727,3954.21,New Low-Spend,0,0
CUST-01300,0.193,4019.08,High-Value At-Risk,0,0
CUST-01301,0.093,7657.58,New High-Value,0,0
CUST-01302,0.1891,3738.84,New Low-Spend,0,0
CUST-01303,0.1996,5851.62,New High-Value,0,0
CUST-01304,0.3117,3781.11,New Low-Spend,0,0
CUST-01305,0.1096,5310.58,High-Value At-Risk,0,0
CUST-01306,0.2098,6639.39,New High-Value,0,0
CUST-01307,0.0792,6348.67,New High-Value,0,0
CUST-01308,0.2936,3240.16,New Low-Spend,0,0
CUST-01309,0.2708,4812.52,High-Value At-Risk,0,0
CUST-01310,0.3158,5490.79,New High-Value,0,1
CUST-01311,0.1655,6936.38,New High-Value,0,0
CUST-01312,0.1568,2030.72,New Low-Spend,1,0
CUST-01313,0.3713,5375.38,New High-Value,0,1
CUST-01314,0.0594,4776.75,New Low-Spend,0,0
CUST-01315,0.2894,5823.4,New High-Value,0,1
CUST-01316,0.3241,4846.86,New High-Value,0,0
CUST-01317,0.3193,5481.5,Loyal,1,1
CUST-01318,0.1468,2272.1,New Low-Spend,0,0
CUST-01319,0.186,5424.52,High-Value At-Risk,0,0
CUST-01320,0.1562,5580.4,Loyal,0,0
CUST-01321,0.3289,4736.5,New Low-Spend,0,0
CUST-01322,0.2466,4734.47,New Low-Spend,0,0
CUST-01323,0.0758,5245.38,New Low-Spend,0,0
CUST-01324,0.1524,7033.28,New High-Value,0,0
CUST-01325,0.0273,5259.75,Loyal,0,0
CUST-01326,0.2136,6822.13,Loyal,1,0
CUST-01327,0.0865,5964.82,New Low-Spend,0,0
CUST-01328,0.2251,5338.36,Loyal,0,0
CUST-01329,0.1358,6358.19,New High-Value,0,0
CUST-01330,0.0575,3654.35,Loyal,0,0
CUST-01331,0.2503,3911.91,Loyal,1,0
CUST-01332,0.3469,5876.78,New High-Value,0,1
CUST-01333,0.1319,5199.2,New Low-Spend,0,0
CUST-01334,0.1024,3537.31,New Low-Spend,0,0
CUST-01335,0.4014,3613.08,New Low-Spend,0,0
CUST-01336,0.1807,3545.7,New Low-Spend,0,0
CUST-01337,0.2694,5534.34,High-Value At-Risk,0,1
CUST-01338,0.1226,7649.01,High-Value At-Risk,0,0
CUST-01339,0.139,4554.86,Loyal,0,0
CUST-01340,0.1756,3771.69,New Low-Spend,0,0
CUST-01341,0.2971,5495.78,New High-Value,0,1
CUST-01342,0.1151,6605.59,High-Value At-Risk,0,0
CUST-01343,0.093,4982.62,New Low-Spend,0,0
CUST-01344,0.1867,3973.16,Loyal,0,0
CUST-01345,0.0753,6225.09,Loyal,0,0
CUST-01346,0.231,6302.52,New High-Value,0,0
CUST-01347,0.0801,6996.11,New High-Value,0,0
CUST-01348,0.2736,4526.06,High-Value At-Risk,0,0
CUST-01349,0.2447,4518.15,New Low-Spend,0,0
CUST-01350,0.1913,4937.47,High-Value At-Risk,0,0
CUST-01351,0.0765,9275.4,New High-Value,0,0
CUST-01352,0.0898,7344.13,New High-Value,0,0
CUST-01353,0.1253,7252.08,High-Value At-Risk,0,0
CUST-01354,0.2101,3210.66,New Low-Spend,0,0
CUST-01355,0.1189,4277.39,Loyal,0,0
CUST-01356,0.1858,3243.84,New Low-Spend,0,0
CUST-01357,0.2581,3549.11,High-Value At-Risk,0,0
CUST-01358,0.2325,5235.29,High-Value At-Risk,0,0
CUST-01359,0.1005,6421.32,New High-Value,0,0
CUST-01360,0.1216,6798.08,New High-Value,0,0
CUST-01361,0.0952,6361.79,High-Value At-Risk,0,0
CUST-01362,0.3288,5866.93,New High-Value,0,1
CUST-01363,0.3011,5229.28,New High-Value,0,0
CUST-01364,0.1495,4970.17,New High-Value,0,0
CUST-01365,0.334,5728.84,New High-Value,0,1
CUST-01366,0.101,5608.5,High-Value At-Risk,0,0
CUST-01367,0.1007,6705.07,New High-Value,0,0
CUST-01368,0.2787,5344.57,New High-Value,0,1
CUST-01369,0.2355,3770.78,New Low-Spend,0,0
CUST-01370,0.1192,7852.74,New High-Value,0,0
CUST-01371,0.2582,7463.98,Loyal,0,1
CUST-01372,0.1841,2349.42,New Low-Spend,0,0
CUST-01373,0.0715,6586.64,New High-Value,0,0
CUST-01374,0.0793,5159.4,High-Value At-Risk,0,0
CUST-01375,0.2256,4948.96,New Low-Spend,0,0
CUST-01376,0.1339,3905.46,New Low-Spend,0,0
CUST-01377,0.1163,8055.05,New High-Value,0,0
CUST-01378,0.2297,5362.7,New High-Value,0,0
CUST-01379,0.2138,3665.82,New Low-Spend,0,0
CUST-01380,0.0606,7218.19,High-Value At-Risk,0,0
CUST-01381,0.0516,5510.37,Loyal,0,0
CUST-01382,0.2445,4756.31,New Low-Spend,0,0
CUST-01383,0.4922,3961.02,New Low-Spend,0,0
CUST-01384,0.1627,7010.98,High-Value At-Risk,0,0
CUST-01385,0.3824,7173.44,New High-Value,0,1
CUST-01386,0.1914,4522.78,High-Value At-Risk,0,0
CUST-01387,0.2159,2991.9,New Low-Spend,0,0
CUST-01388,0.2719,5579.19,Loyal,0,1
CUST-01389,0.0898,7001.61,New High-Value,0,0
CUST-01390,0.1031,6838.6,New High-Value,0,0
CUST-01391,0.1809,3169.86,New Low-Spend,0,0
CUST-01392,0.1026,8919.04,New High-Value,0,0
CUST-01393,0.2094,3474.0,New Low-Spend,0,0
CUST-01394,0.204,4891.9,New Low-Spend,0,0
CUST-01395,0.2598,6875.92,New High-Value,0,1
CUST-01396,0.0591,7019.28,New High-Value,0,0
CUST-01397,0.0774,5566.96,Loyal,0,0
CUST-01398,0.0606,7058.23,New High-Value,0,0
CUST-01399,0.2395,4676.02,New Low-Spend,0,0
CUST-01400,0.311,4891.94,New High-Value,0,0
CUST-01401,0.2008,3995.55,Loyal,0,0
CUST-01402,0.0347,6151.43,New High-Value,0,0
CUST-01403,0.1483,4319.64,Loyal,0,0
CUST-01404,0.0389,5597.71,Loyal,0,0
CUST-01405,0.1465,6963.59,High-Value At-Risk,0,0
CUST-01406,0.3964,6086.5,New High-Value,0,1
CUST-01407,0.1889,6575.52,High-Value At-Risk,0,0
CUST-01408,0.2403,4845.59,New High-Value,0,0
CUST-01409,0.1098,6776.25,New High-Value,0,0
CUST-01410,0.0787,4924.48,New Low-Spend,0,0
CUST-01411,0.2347,4877.06,New High-Value,0,0
CUST-01412,0.0845,5728.07,New Low-Spend,0,0
CUST-01413,0.2856,2389.63,New Low-Spend,0,0
CUST-01414,0.2784,6423.88,High-Value At-Risk,0,1
CUST-01415,0.1065,4918.7,New Low-Spend,0,0
CUST-01416,0.0274,5479.61,New Low-Spend,0,0
CUST-01417,0.2608,3998.64,New Low-Spend,0,0
CUST-01418,0.175,7612.59,New High-Value,0,0
CUST-01419,0.0412,6239.63,Loyal,0,0
CUST-01420,0.1517,5546.57,New High-Value,0,0
CUST-01421,0.0541,5799.87,Loyal,0,0
CUST-01422,0.3078,6637.48,New High-Value,0,1
CUST-01423,0.2197,5401.89,New High-Value,0,0
CUST-01424,0.1007,5592.05,New Low-Spend,0,0
CUST-01425,0.326,5229.25,High-Value At-Risk,0,0
CUST-01426,0.1295,3015.88,New Low-Spend,0,0
CUST-01427,0.1441,5166.39,New High-Value,0,0
CUST-01428,0.2547,3197.48,New Low-Spend,0,0
CUST-01429,0.2228,5551.05,New High-Value,0,0
CUST-01430,0.2137,4810.44,High-Value At-Risk,0,0
CUST-01431,0.1712,5589.77,New High-Value,0,0
CUST-01432,0.212,4883.01,High-Value At-Risk,0,0
CUST-01433,0.0755,4238.41,New Low-Spend,0,0
CUST-01434,0.0836,5712.2,High-Value At-Risk,0,0
CUST-01435,0.1428,4817.16,New High-Value,0,0
CUST-01436,0.2986,4693.64,New Low-Spend,0,0
CUST-01437,0.1132,4210.28,New Low-Spend,0,0
CUST-01438,0.0688,5005.28,High-Value At-Risk,0,0
CUST-01439,0.0693,4752.98,New Low-Spend,0,0
CUST-01440,0.0767,7446.24,New High-Value,0,0
CUST-01441,0.0838,4702.83,New Low-Spend,0,0
CUST-01442,0.2463,3869.96,New Low-Spend,0,0
CUST-01443,0.0966,3967.48,Loyal,0,0
CUST-01444,0.3504,3516.25,New Low-Spend,0,0
CUST-01445,0.2227,5164.57,New Low-Spend,0,0
CUST-01446,0.3224,6778.76,New High-Value,0,1
CUST-01447,0.0585,4777.04,Loyal,0,0
CUST-01448,0.119,5341.38,Loyal,0,0
CUST-01449,0.0678,5625.78,High-Value At-Risk,0,0
CUST-01450,0.2527,3846.91,New Low-Spend,0,0
CUST-01451,0.3097,5350.96,High-Value At-Risk,0,1
CUST-01452,0.084,4365.46,New Low-Spend,0,0
CUST-01453,0.1661,4947.34,High-Value At-Risk,0,0
CUST-01454,0.2798,6054.85,New High-Value,0,1
CUST-01455,0.2158,5524.13,New High-Value,0,0
CUST-01456,0.1022,2677.48,New Low-Spend,0,0
CUST-01457,0.2186,3698.73,New Low-Spend,0,0
CUST-01458,0.0369,4789.92,New Low-Spend,0,0
CUST-01459,0.0862,7748.85,Loyal,0,0
CUST-01460,0.1197,4539.84,New Low-Spend,0,0
CUST-01461,0.3511,3350.83,New Low-Spend,0,0
CUST-01462,0.0394,5277.21,New Low-Spend,0,0
CUST-01463,0.1971,3127.6,New Low-Spend,0,0
CUST-01464,0.1081,5199.53,New Low-Spend,0,0
CUST-01465,0.2026,5759.48,High-Value At-Risk,0,0
CUST-01466,0.1976,5620.77,High-Value At-Risk,0,0
CUST-01467,0.3474,5711.6,New High-Value,0,1
CUST-01468,0.0617,2889.6,New Low-Spend,0,0
CUST-01469,0.066,5534.4,High-Value At-Risk,1,0
CUST-01470,0.2488,4058.36,Loyal,0,0
CUST-01471,0.2842,4531.74,Loyal,0,0
CUST-01472,0.0846,5309.29,New Low-Spend,0,0
CUST-01473,0.0355,6004.21,High-Value At-Risk,0,0
CUST-01474,0.0981,5493.02,New Low-Spend,0,0
CUST-01475,0.2943,5585.27,New High-Value,0,1
CUST-01476,0.196,6550.31,New High-Value,0,0
CUST-01477,0.1677,9060.37,New High-Value,0,0
CUST-01478,0.1894,3803.13,New Low-Spend,0,0
CUST-01479,0.1519,4844.51,New Low-Spend,0,0
CUST-01480,0.2261,6446.46,New High-Value,0,0
CUST-01481,0.4436,5885.7,New High-Value,0,1
CUST-01482,0.1282,6501.98,High-Value At-Risk,0,0
CUST-01483,0.2027,4096.33,New Low-Spend,0,0
CUST-01484,0.2419,4341.26,New Low-Spend,0,0
CUST-01485,0.2039,6698.96,New High-Value,0,0
CUST-01486,0.1349,8974.38,New High-Value,0,0
CUST-01487,0.1236,7636.83,New High-Value,0,0
CUST-01488,0.252,4726.75,High-Value At-Risk,0,0
CUST-01489,0.0846,5342.97,High-Value At-Risk,1,0
CUST-01490,0.3022,4510.92,New Low-Spend,0,0
CUST-01491,0.0635,4523.13,New Low-Spend,0,0
CUST-01492,0.0846,5995.22,New Low-Spend,0,0
CUST-01493,0.199,4384.15,High-Value At-Risk,0,0
CUST-01494,0.1767,7988.52,New High-Value,1,0
CUST-01495,0.2429,5993.38,High-Value At-Risk,0,0
CUST-01496,0.09,7630.27,New High-Value,0,0
CUST-01497,0.3345,3969.77,New Low-Spend,0,0
CUST-01498,0.0803,6710.63,High-Value At-Risk,0,0
CUST-01499,0.1572,3347.73,New Low-Spend,0,0
CUST-01500,0.2074,6481.2,New High-Value,0,0
CUST-01501,0.163,4746.41,New Low-Spend,0,0
CUST-01502,0.0488,8240.92,New High-Value,0,0
CUST-01503,0.2399,5795.61,High-Value At-Risk,0,0
CUST-01504,0.149,5467.02,Loyal,0,0
CUST-01505,0.3931,4645.24,New Low-Spend,0,0
CUST-01506,0.1569,8587.77,High-Value At-Risk,0,0
CUST-01507,0.3676,3644.95,New Low-Spend,1,0
CUST-01508,0.1332,3909.51,New Low-Spend,0,0
CUST-01509,0.0631,6654.4,High-Value At-Risk,0,0
CUST-01510,0.3405,5813.9,New High-Value,0,1
CUST-01511,0.2426,5996.74,New High-Value,0,0
CUST-01512,0.0673,5534.49,New Low-Spend,0,0
CUST-01513,0.2609,3267.74,New Low-Spend,0,0
CUST-01514,0.2611,4159.85,New Low-Spend,0,0
CUST-01515,0.2521,4788.72,New High-Value,0,0
CUST-01516,0.1597,6389.66,New High-Value,0,0
CUST-01517,0.0231,6221.47,Loyal,0,0
CUST-01518,0.0548,4882.62,Loyal,0,0
CUST-01519,0.0483,3492.86,New Low-Spend,0,0
CUST-01520,0.348,5053.55,High-Value At-Risk,0,0
CUST-01521,0.2754,6771.98,New High-Value,0,1
CUST-01522,0.3132,3252.26,New Low-Spend,0,0
CUST-01523,0.2584,4817.35,New Low-Spend,0,0
CUST-01524,0.1933,4545.25,New Low-Spend,0,0
CUST-01525,0.0738,7235.17,Loyal,0,0
CUST-01526,0.1411,6381.19,New High-Value,0,0
CUST-01527,0.3103,6315.27,New High-Value,0,1
CUST-01528,0.3556,4757.83,New High-Value,0,0
CUST-01529,0.3688,6634.49,New High-Value,0,1
CUST-01530,0.3125,5524.09,High-Value At-Risk,0,1
CUST-01531,0.4472,5124.22,New High-Value,0,0
CUST-01532,0.2158,6164.14,New High-Value,0,0
CUST-01533,0.2727,4915.1,New Low-Spend,0,0
CUST-01534,0.1652,4239.69,New Low-Spend,0,0
CUST-01535,0.1345,8777.84,New High-Value,0,0
CUST-01536,0.0836,5036.89,New Low-Spend,0,0
CUST-01537,0.0556,4916.16,New Low-Spend,0,0
CUST-01538,0.058,5510.06,New Low-Spend,0,0
CUST-01539,0.3597,5187.23,High-Value At-Risk,0,0
CUST-01540,0.0519,4534.26,Loyal,0,0
CUST-01541,0.2135,5258.62,New High-Value,0,0
CUST-01542,0.2566,3108.1,High-Value At-Risk,1,0
CUST-01543,0.2435,3502.88,New Low-Spend,0,0
CUST-01544,0.3497,4508.24,High-Value At-Risk,0,0
CUST-01545,0.0848,5014.96,New Low-Spend,0,0
CUST-01546,0.3122,3864.35,New Low-Spend,0,0
CUST-01547,0.1347,3557.73,New Low-Spend,0,0
CUST-01548,0.0669,5258.91,New Low-Spend,0,0
CUST-01549,0.2557,3763.22,High-Value At-Risk,0,0
CUST-01550,0.2673,5479.57,New High-Value,0,1
CUST-01551,0.1736,4661.14,Loyal,0,0
CUST-01552,0.2092,5279.38,New High-Value,0,0
CUST-01553,0.0883,6417.83,New Low-Spend,0,0
CUST-01554,0.084,6400.79,New High-Value,0,0
CUST-01555,0.1843,7368.41,New High-Value,0,0
CUST-01556,0.1406,3646.24,New Low-Spend,0,0
CUST-01557,0.0853,3214.46,New Low-Spend,0,0
CUST-01558,0.0812,5539.17,New High-Value,0,0
CUST-01559,0.2924,6670.31,New High-Value,0,1
CUST-01560,0.3731,5153.32,High-Value At-Risk,0,0
CUST-01561,0.2642,3920.81,New Low-Spend,0,0
CUST-01562,0.1506,5759.3,New High-Value,0,0
CUST-01563,0.0814,8326.18,New High-Value,0,0
CUST-01564,0.0545,5815.58,Loyal,0,0
CUST-01565,0.2595,4768.71,High-Value At-Risk,0,0
CUST-01566,0.0474,7930.96,Loyal,0,0
CUST-01567,0.1637,3775.73,New Low-Spend,0,0
CUST-01568,0.1841,3470.56,Loyal,0,0
CUST-01569,0.1412,9374.48,New High-Value,0,0
CUST-01570,0.0948,5969.97,New Low-Spend,0,0
CUST-01571,0.1203,6388.69,New High-Value,0,0
CUST-01572,0.2579,3164.52,New Low-Spend,0,0
CUST-01573,0.0575,6113.47,New High-Value,0,0
CUST-01574,0.0836,5954.07,Loyal,0,0
CUST-01575,0.1172,5504.26,New High-Value,0,0
CUST-01576,0.376,5123.17,High-Value At-Risk,0,0
CUST-01577,0.2092,5059.18,Loyal,0,0
CUST-01578,0.073,7295.5,High-Value At-Risk,0,0
CUST-01579,0.0706,7100.29,New High-Value,0,0
CUST-01580,0.0945,4698.38,Loyal,0,0
CUST-01581,0.3104,5538.22,New High-Value,0,1
CUST-01582,0.0561,7851.91,New High-Value,0,0
CUST-01583,0.1258,3787.48,New Low-Spend,0,0
CUST-01584,0.32,6925.88,New High-Value,0,1
CUST-01585,0.341,4318.8,High-Value At-Risk,0,0
CUST-01586,0.3305,4652.17,New Low-Spend,0,0
CUST-01587,0.1255,5582.56,High-Value At-Risk,1,0
CUST-01588,0.3664,3417.33,New Low-Spend,0,0
CUST-01589,0.36,3201.95,New Low-Spend,0,0
CUST-01590,0.0643,6560.41,New High-Value,0,0
CUST-01591,0.0628,2733.17,New Low-Spend,0,0
CUST-01592,0.1737,3582.14,New Low-Spend,0,0
CUST-01593,0.4229,4568.29,New Low-Spend,0,0
CUST-01594,0.1224,5615.49,High-Value At-Risk,0,0
CUST-01595,0.3127,4562.8,New Low-Spend,0,0
CUST-01596,0.228,5230.24,Loyal,0,0
CUST-01597,0.0919,4856.31,Loyal,0,0
CUST-01598,0.3889,5532.29,New High-Value,0,1
CUST-01599,0.0723,5687.91,New Low-Spend,0,0
CUST-01600,0.2734,4068.51,New Low-Spend,0,0
CUST-01601,0.1592,5662.44,High-Value At-Risk,0,0
CUST-01602,0.4797,7753.83,New High-Value,1,1
CUST-01603,0.1907,6113.32,New High-Value,0,0
CUST-01604,0.1315,4624.1,Loyal,0,0
CUST-01605,0.1216,7079.92,High-Value At-Risk,0,0
CUST-01606,0.3401,3409.81,New Low-Spend,0,0
CUST-01607,0.3329,2828.33,New Low-Spend,1,0
CUST-01608,0.2939,2406.61,New Low-Spend,0,0
CUST-01609,0.1249,5027.57,New High-Value,0,0
CUST-01610,0.1619,6025.15,New High-Value,0,0
CUST-01611,0.0575,7696.18,Loyal,0,0
CUST-01612,0.1089,8313.67,New High-Value,1,0
CUST-01613,0.1354,4245.04,New Low-Spend,0,0
CUST-01614,0.0607,3841.06,New Low-Spend,0,0
CUST-01615,0.3988,4691.9,New High-Value,0,0
CUST-01616,0.0824,7173.92,New High-Value,0,0
CUST-01617,0.0654,4899.07,New Low-Spend,0,0
CUST-01618,0.4438,3916.25,New Low-Spend,0,0
CUST-01619,0.111,7378.13,High-Value At-Risk,0,0
CUST-01620,0.1412,4292.51,New Low-Spend,0,0
CUST-01621,0.2164,3566.52,New Low-Spend,0,0
CUST-01622,0.1257,6173.26,Loyal,0,0
CUST-01623,0.1285,7375.01,New High-Value,0,0
CUST-01624,0.3261,5711.31,Loyal,0,1
CUST-01625,0.0625,4685.8,Loyal,0,0
CUST-01626,0.1039,4217.71,New Low-Spend,0,0
CUST-01627,0.3134,5620.02,New High-Value,0,1
CUST-01628,0.1122,5301.93,High-Value At-Risk,0,0
CUST-01629,0.0697,4869.39,New Low-Spend,0,0
CUST-01630,0.0697,3577.06,New Low-Spend,0,0
CUST-01631,0.0526,7028.3,New Low-Spend,0,0
CUST-01632,0.1393,6819.73,New High-Value,0,0
CUST-01633,0.314,5294.68,New High-Value,0,0
CUST-01634,0.2144,6095.6,High-Value At-Risk,0,0
CUST-01635,0.2365,5899.53,New High-Value,0,0
CUST-01636,0.0839,5046.92,Loyal,0,0
CUST-01637,0.0776,4278.79,Loyal,0,0
CUST-01638,0.3211,5353.43,High-Value At-Risk,0,1
CUST-01639,0.1679,4358.32,New Low-Spend,0,0
CUST-01640,0.3355,4956.96,New High-Value,0,0
CUST-01641,0.2366,5879.26,High-Value At-Risk,0,0
CUST-01642,0.0604,7602.46,High-Value At-Risk,0,0
CUST-01643,0.127,3381.31,New Low-Spend,0,0
CUST-01644,0.375,4622.68,New Low-Spend,0,0
CUST-01645,0.0674,6917.75,High-Value At-Risk,0,0
CUST-01646,0.2077,4725.31,New Low-Spend,0,0
CUST-01647,0.2157,5365.52,New High-Value,0,0
CUST-01648,0.0699,4136.48,New Low-Spend,0,0
CUST-01649,0.0615,5538.08,Loyal,0,0
CUST-01650,0.3611,4233.08,Loyal,0,0
CUST-01651,0.1064,7846.62,High-Value At-Risk,0,0
CUST-01652,0.2744,3791.14,New Low-Spend,0,0
CUST-01653,0.2371,3680.88,New Low-Spend,0,0
CUST-01654,0.0943,3857.62,New Low-Spend,0,0
CUST-01655,0.4235,4389.53,New High-Value,0,0
CUST-01656,0.435,5831.11,New High-Value,0,1
CUST-01657,0.1857,3790.66,Loyal,0,0
CUST-01658,0.3697,6568.6,New High-Value,0,1
CUST-01659,0.3843,4826.1,New High-Value,0,0
CUST-01660,0.1358,5238.69,Loyal,0,0
CUST-01661,0.1034,3493.27,New Low-Spend,0,0
CUST-01662,0.1048,5545.28,Loyal,0,0
CUST-01663,0.1392,5408.5,Loyal,0,0
CUST-01664,0.1323,4934.79,New Low-Spend,0,0
CUST-01665,0.4107,5287.44,New High-Value,0,0
CUST-01666,0.0964,5540.97,New High-Value,0,0
CUST-01667,0.1884,8182.11,New High-Value,0,0
CUST-01668,0.2459,3251.04,New Low-Spend,0,0
CUST-01669,0.2202,5139.4,New High-Value,0,0
CUST-01670,0.1472,5494.41,New High-Value,0,0
CUST-01671,0.1173,4114.01,New Low-Spend,0,0
CUST-01672,0.3857,4642.37,High-Value At-Risk,0,0
CUST-01673,0.0837,5537.09,New High-Value,0,0
CUST-01674,0.0964,6612.51,New High-Value,0,0
CUST-01675,0.2414,3129.89,New Low-Spend,0,0
CUST-01676,0.0599,4786.65,New Low-Spend,0,0
CUST-01677,0.3655,3790.48,New Low-Spend,0,0
CUST-01678,0.0943,6229.24,High-Value At-Risk,0,0
CUST-01679,0.1141,3708.29,New Low-Spend,0,0
CUST-01680,0.3238,3251.32,High-Value At-Risk,0,0
CUST-01681,0.232,4793.3,New High-Value,0,0
CUST-01682,0.1915,6739.87,New High-Value,0,0
CUST-01683,0.0855,8666.64,New High-Value,0,0
CUST-01684,0.1925,4968.85,New Low-Spend,0,0
CUST-01685,0.1033,8184.96,New High-Value,0,0
CUST-01686,0.2901,2680.51,New Low-Spend,0,0
CUST-01687,0.2386,3681.41,New Low-Spend,0,0
CUST-01688,0.1173,4795.63,High-Value At-Risk,0,0
CUST-01689,0.3887,5294.23,New High-Value,0,0
CUST-01690,0.2791,5039.44,High-Value At-Risk,0,0
CUST-01691,0.1227,8394.49,High-Value At-Risk,0,0
CUST-01692,0.2741,4470.91,Loyal,0,0
CUST-01693,0.0416,5640.47,New Low-Spend,0,0
CUST-01694,0.095,8090.61,New High-Value,0,0
CUST-01695,0.2217,3630.32,New Low-Spend,0,0
CUST-01696,0.292,3979.49,New Low-Spend,0,0
CUST-01697,0.3357,6121.38,New High-Value,0,1
CUST-01698,0.1297,7456.96,New High-Value,0,0
CUST-01699,0.0572,7190.91,New High-Value,0,0
CUST-01700,0.0427,5021.97,New Low-Spend,0,0
CUST-01701,0.0673,7834.64,New High-Value,0,0
CUST-01702,0.1345,5871.05,New High-Value,0,0
CUST-01703,0.3042,6271.82,High-Value At-Risk,0,1
CUST-01704,0.2287,6885.98,New High-Value,0,0
CUST-01705,0.0997,5300.75,High-Value At-Risk,0,0
CUST-01706,0.1625,5485.65,New High-Value,0,0
CUST-01707,0.2637,5406.11,High-Value At-Risk,0,1
CUST-01708,0.1635,4658.45,Loyal,0,0
CUST-01709,0.239,2950.47,New Low-Spend,0,0
CUST-01710,0.1197,5093.12,Loyal,0,0
CUST-01711,0.2177,3817.8,New Low-Spend,0,0
CUST-01712,0.143,8281.59,New High-Value,0,0
CUST-01713,0.137,6328.22,High-Value At-Risk,0,0
CUST-01714,0.109,4158.46,Loyal,0,0
CUST-01715,0.0659,3624.46,New Low-Spend,0,0
CUST-01716,0.2578,6582.23,New High-Value,0,1
CUST-01717,0.1114,5633.95,High-Value At-Risk,0,0
CUST-01718,0.153,4453.66,New Low-Spend,0,0
CUST-01719,0.1577,4485.22,New Low-Spend,0,0
CUST-01720,0.1899,2442.57,New Low-Spend,0,0
CUST-01721,0.2656,4835.6,Loyal,0,0
CUST-01722,0.0356,5057.93,New Low-Spend,0,0
CUST-01723,0.0506,5180.84,New Low-Spend,0,0
CUST-01724,0.0959,5650.77,Loyal,0,0
CUST-01725,0.2675,6261.27,New High-Value,0,1
CUST-01726,0.1778,4511.89,New Low-Spend,0,0
CUST-01727,0.1259,4362.95,New Low-Spend,0,0
CUST-01728,0.0866,5037.63,Loyal,0,0
CUST-01729,0.4423,5451.35,New High-Value,0,1
CUST-01730,0.188,3739.56,New Low-Spend,0,0
CUST-01731,0.3146,6174.78,New High-Value,0,1
CUST-01732,0.4065,5654.26,New High-Value,0,1
CUST-01733,0.2004,4494.29,New Low-Spend,0,0
CUST-01734,0.0602,3898.7,New Low-Spend,0,0
CUST-01735,0.1354,3918.53,New Low-Spend,0,0
CUST-01736,0.09,8590.4,New High-Value,0,0
CUST-01737,0.0448,4530.79,New Low-Spend,0,0
CUST-01738,0.315,2843.39,New Low-Spend,0,0
CUST-01739,0.0737,7293.56,New High-Value,0,0
CUST-01740,0.0773,5645.04,Loyal,0,0
CUST-01741,0.2487,5361.39,New High-Value,0,0
CUST-01742,0.3219,5250.29,New High-Value,0,0
CUST-01743,0.0508,9137.43,New High-Value,0,0
CUST-01744,0.072,4449.43,New Low-Spend,0,0
CUST-01745,0.1021,4266.87,New Low-Spend,0,0
CUST-01746,0.1585,5324.81,New High-Value,0,0
CUST-01747,0.0611,7717.2,High-Value At-Risk,0,0
CUST-01748,0.0568,7659.24,Loyal,0,0
CUST-01749,0.049,3452.16,New Low-Spend,0,0
CUST-01750,0.1358,7198.49,New High-Value,0,0
CUST-01751,0.1023,9647.49,New High-Value,0,0
CUST-01752,0.4511,4698.67,New High-Value,0,0
CUST-01753,0.0546,5095.26,New Low-Spend,0,0
CUST-01754,0.2524,4109.21,New Low-Spend,0,0
CUST-01755,0.2511,3151.26,New Low-Spend,0,0
CUST-01756,0.445,4415.76,High-Value At-Risk,0,0
CUST-01757,0.3045,5160.11,Loyal,1,0
CUST-01758,0.1661,4331.77,Loyal,0,0
CUST-01759,0.3374,2310.33,New Low-Spend,0,0
CUST-01760,0.2616,5045.48,High-Value At-Risk,0,0
CUST-01761,0.0932,7743.27,New High-Value,0,0
CUST-01762,0.1049,7428.14,Loyal,0,0
CUST-01763,0.1283,3469.84,New Low-Spend,0,0
CUST-01764,0.2488,4454.85,New Low-Spend,0,0
CUST-01765,0.5116,4676.45,High-Value At-Risk,0,0
CUST-01766,0.0521,7259.66,New High-Value,0,0
CUST-01767,0.3034,4885.1,High-Value At-Risk,0,0
CUST-01768,0.0736,5556.83,New Low-Spend,0,0
CUST-01769,0.1331,7723.76,High-Value At-Risk,0,0
CUST-01770,0.471,6005.39,New High-Value,0,1
CUST-01771,0.2387,4836.55,New Low-Spend,0,0
CUST-01772,0.255,4599.55,Loyal,0,0
CUST-01773,0.1662,5024.93,Loyal,0,0
CUST-01774,0.2335,2715.3,New Low-Spend,0,0
CUST-01775,0.1038,7424.82,New High-Value,0,0
CUST-01776,0.1,3351.98,New Low-Spend,0,0
CUST-01777,0.2134,2946.49,New Low-Spend,0,0
CUST-01778,0.3573,6359.77,High-Value At-Risk,0,1
CUST-01779,0.2896,4624.48,New Low-Spend,0,0
CUST-01780,0.247,4199.33,New Low-Spend,0,0
CUST-01781,0.0808,6435.52,High-Value At-Risk,0,0
CUST-01782,0.0774,5919.75,Loyal,0,0
CUST-01783,0.0897,5568.73,New High-Value,0,0
CUST-01784,0.1694,3854.63,New Low-Spend,0,0
CUST-01785,0.1774,6698.56,New High-Value,0,0
CUST-01786,0.0876,5831.46,New Low-Spend,0,0
CUST-01787,0.1022,3611.94,New Low-Spend,0,0
CUST-01788,0.1166,7679.71,High-Value At-Risk,0,0
CUST-01789,0.2527,5601.02,New High-Value,0,1
CUST-01790,0.0838,4924.0,New Low-Spend,0,0
CUST-01791,0.2481,4639.07,High-Value At-Risk,0,0
CUST-01792,0.3004,3393.14,New Low-Spend,0,0
CUST-01793,0.0585,5314.96,High-Value At-Risk,0,0
CUST-01794,0.1496,4893.14,New Low-Spend,0,0
CUST-01795,0.0869,3438.57,New Low-Spend,0,0
CUST-01796,0.2134,5047.17,Loyal,0,0
CUST-01797,0.2314,6645.81,New High-Value,0,0
CUST-01798,0.3907,5641.34,New High-Value,0,1
CUST-01799,0.0679,8226.39,New High-Value,0,0
CUST-01800,0.1839,6308.61,High-Value At-Risk,1,0
CUST-01801,0.2455,4170.44,New Low-Spend,0,0
CUST-01802,0.3062,4950.15,High-Value At-Risk,0,0
CUST-01803,0.2979,5047.73,New Low-Spend,0,0
CUST-01804,0.2646,6200.22,New High-Value,0,1
CUST-01805,0.1376,6833.51,High-Value At-Risk,0,0
CUST-01806,0.2476,5217.24,Loyal,0,0
CUST-01807,0.2679,3446.33,Loyal,0,0
CUST-01808,0.3339,5184.59,High-Value At-Risk,0,0
CUST-01809,0.1421,4580.1,High-Value At-Risk,1,0
CUST-01810,0.0689,5388.09,New Low-Spend,0,0
CUST-01811,0.0393,6819.13,New High-Value,0,0
CUST-01812,0.0484,5572.61,Loyal,0,0
CUST-01813,0.0465,6259.23,New Low-Spend,0,0
CUST-01814,0.3423,5651.57,New High-Value,0,1
CUST-01815,0.0406,6548.3,New High-Value,0,0
CUST-01816,0.1211,4970.85,New Low-Spend,0,0
CUST-01817,0.3628,3833.28,New Low-Spend,0,0
CUST-01818,0.083,4577.21,Loyal,0,0
CUST-01819,0.0487,6505.24,New High-Value,0,0
CUST-01820,0.1655,2652.59,New Low-Spend,0,0
CUST-01821,0.2763,3703.1,New Low-Spend,0,0
CUST-01822,0.2936,3286.32,New Low-Spend,0,0
CUST-01823,0.0573,6383.44,Loyal,0,0
CUST-01824,0.2,3844.96,New Low-Spend,0,0
CUST-01825,0.1263,4956.86,High-Value At-Risk,0,0
CUST-01826,0.224,4785.17,New Low-Spend,0,0
CUST-01827,0.2171,3978.84,Loyal,0,0
CUST-01828,0.0659,7194.66,Loyal,0,0
CUST-01829,0.1694,4483.98,New Low-Spend,0,0
CUST-01830,0.0849,4351.94,New Low-Spend,0,0
CUST-01831,0.1963,4954.1,New High-Value,0,0
CUST-01832,0.2204,5204.66,New High-Value,0,0
CUST-01833,0.2258,4938.39,Loyal,0,0
CUST-01834,0.1627,4776.23,High-Value At-Risk,0,0
CUST-01835,0.1231,6217.16,High-Value At-Risk,0,0
CUST-01836,0.2681,3439.05,New Low-Spend,0,0
CUST-01837,0.2459,5355.26,Loyal,0,0
CUST-01838,0.1118,5652.65,New Low-Spend,0,0
CUST-01839,0.1306,4100.42,New Low-Spend,0,0
CUST-01840,0.2018,4629.8,High-Value At-Risk,0,0
CUST-01841,0.0357,5476.41,New Low-Spend,0,0
CUST-01842,0.2112,3786.84,High-Value At-Risk,0,0
CUST-01843,0.1052,9115.25,Loyal,0,0
CUST-01844,0.0867,7922.29,New High-Value,0,0
CUST-01845,0.3627,6826.68,New High-Value,0,1
CUST-01846,0.3047,3462.35,New Low-Spend,0,0
CUST-01847,0.3193,3909.87,Loyal,1,0
CUST-01848,0.1672,5660.57,New High-Value,0,0
CUST-01849,0.1192,5811.65,Loyal,0,0
CUST-01850,0.1302,6920.79,High-Value At-Risk,0,0
CUST-01851,0.1194,3495.17,New Low-Spend,0,0
CUST-01852,0.3532,4819.63,High-Value At-Risk,0,0
CUST-01853,0.1672,6907.52,High-Value At-Risk,0,0
CUST-01854,0.2609,5791.88,New High-Value,0,1
CUST-01855,0.3096,5110.9,New High-Value,0,0
CUST-01856,0.1643,3488.65,New Low-Spend,0,0
CUST-01857,0.0636,5998.78,Loyal,0,0
CUST-01858,0.1792,6066.85,New High-Value,0,0
CUST-01859,0.0693,4346.23,New Low-Spend,0,0
CUST-01860,0.234,3596.19,New Low-Spend,0,0
CUST-01861,0.1105,7352.47,New High-Value,0,0
CUST-01862,0.2524,5514.52,High-Value At-Risk,0,1
CUST-01863,0.0909,3571.44,New Low-Spend,0,0
CUST-01864,0.3142,4000.38,New Low-Spend,0,0
CUST-01865,0.1595,4418.1,New Low-Spend,0,0
CUST-01866,0.0406,4834.2,New Low-Spend,0,0
CUST-01867,0.1669,4357.26,Loyal,0,0
CUST-01868,0.1791,5365.18,Loyal,0,0
CUST-01869,0.2536,3132.24,New Low-Spend,0,0
CUST-01870,0.0578,4364.45,New Low-Spend,0,0
CUST-01871,0.2911,2215.02,New Low-Spend,0,0
CUST-01872,0.1303,6078.86,New High-Value,0,0
CUST-01873,0.0783,8801.51,New High-Value,0,0
CUST-01874,0.054,4544.91,New Low-Spend,0,0
CUST-01875,0.3915,6729.15,New High-Value,0,1
CUST-01876,0.1899,4584.71,New Low-Spend,0,0
CUST-01877,0.1937,4438.36,New Low-Spend,0,0
CUST-01878,0.1664,3370.91,New Low-Spend,0,0
CUST-01879,0.2648,4654.95,New Low-Spend,0,0
CUST-01880,0.0599,7767.63,Loyal,0,0
CUST-01881,0.0592,3852.29,New Low-Spend,0,0
CUST-01882,0.4754,6991.37,New High-Value,0,1
CUST-01883,0.3961,4699.88,New High-Value,0,0
CUST-01884,0.3476,3203.5,High-Value At-Risk,0,0
CUST-01885,0.2615,5680.76,New High-Value,0,1
CUST-01886,0.4049,5496.43,High-Value At-Risk,0,1
CUST-01887,0.0672,8345.0,New High-Value,0,0
CUST-01888,0.294,2903.05,New Low-Spend,0,0
CUST-01889,0.0926,8300.24,New High-Value,0,0
CUST-01890,0.1701,3841.03,New Low-Spend,0,0
CUST-01891,0.1763,6101.04,Loyal,0,0
CUST-01892,0.3068,6833.79,New High-Value,0,1
CUST-01893,0.0955,8010.38,High-Value At-Risk,0,0
CUST-01894,0.2253,5535.75,New High-Value,0,0
CUST-01895,0.201,5057.73,Loyal,0,0
CUST-01896,0.172,4871.69,New High-Value,0,0
CUST-01897,0.0942,3491.49,New Low-Spend,0,0
CUST-01898,0.106,5175.98,New Low-Spend,0,0
CUST-01899,0.1208,6009.84,New High-Value,0,0
CUST-01900,0.1739,6114.66,Loyal,0,0
CUST-01901,0.2671,3408.82,New Low-Spend,0,0
CUST-01902,0.3785,5995.3,High-Value At-Risk,0,1
CUST-01903,0.1168,8514.78,High-Value At-Risk,0,0
CUST-01904,0.2187,7200.02,New High-Value,0,0
CUST-01905,0.0802,5641.04,New Low-Spend,0,0
CUST-01906,0.0604,6883.81,High-Value At-Risk,0,0
CUST-01907,0.1018,6989.36,New High-Value,0,0
CUST-01908,0.2815,3328.53,New Low-Spend,0,0
CUST-01909,0.1214,3761.47,New Low-Spend,0,0
CUST-01910,0.1362,6895.67,New High-Value,0,0
CUST-01911,0.2877,6019.76,New High-Value,0,1
CUST-01912,0.126,8150.4,New High-Value,0,0
CUST-01913,0.137,3182.82,New Low-Spend,0,0
CUST-01914,0.2684,4778.78,New Low-Spend,0,0
CUST-01915,0.2101,6001.3,New High-Value,0,0
CUST-01916,0.1776,3989.72,New Low-Spend,0,0
CUST-01917,0.071,4005.39,New Low-Spend,0,0
CUST-01918,0.1641,6176.7,High-Value At-Risk,0,0
CUST-01919,0.1328,7262.5,New High-Value,0,0
CUST-01920,0.2615,5341.62,High-Value At-Risk,0,1
CUST-01921,0.2783,5664.08,New High-Value,0,1
CUST-01922,0.3213,5762.9,New High-Value,0,1
CUST-01923,0.1007,4974.86,Loyal,0,0
CUST-01924,0.126,6395.22,High-Value At-Risk,0,0
CUST-01925,0.108,5382.32,New Low-Spend,0,0
CUST-01926,0.0619,7147.59,New High-Value,0,0
CUST-01927,0.0435,6239.75,New High-Value,0,0
CUST-01928,0.2261,5549.05,New High-Value,0,0
CUST-01929,0.1555,6297.33,New High-Value,0,0
CUST-01930,0.0899,4332.81,New Low-Spend,0,0
CUST-01931,0.0589,8042.5,New High-Value,0,0
CUST-01932,0.3073,4048.65,Loyal,0,0
CUST-01933,0.1168,5607.15,New Low-Spend,0,0
CUST-01934,0.2631,2379.62,New Low-Spend,0,0
CUST-01935,0.0563,7269.63,Loyal,0,0
CUST-01936,0.0544,7036.4,Loyal,0,0
CUST-01937,0.0782,5374.6,New Low-Spend,0,0
CUST-01938,0.2763,5953.52,New High-Value,0,1
CUST-01939,0.2816,6841.21,New High-Value,0,1
CUST-01940,0.0977,7923.6,New High-Value,0,0
CUST-01941,0.048,5701.85,Loyal,0,0
CUST-01942,0.0956,7751.26,New High-Value,0,0
CUST-01943,0.3004,6684.05,New High-Value,0,1
CUST-01944,0.1403,6488.95,New High-Value,0,0
CUST-01945,0.0859,6327.28,High-Value At-Risk,0,0
CUST-01946,0.1899,5646.53,New High-Value,0,0
CUST-01947,0.12,3904.95,New Low-Spend,0,0
CUST-01948,0.1519,7040.32,New High-Value,0,0
CUST-01949,0.2119,3025.97,New Low-Spend,1,0
CUST-01950,0.0658,5597.61,High-Value At-Risk,0,0
CUST-01951,0.1871,4961.55,New Low-Spend,0,0
CUST-01952,0.2283,5095.95,High-Value At-Risk,0,0
CUST-01953,0.2745,5056.52,High-Value At-Risk,0,0
CUST-01954,0.0894,6421.32,New Low-Spend,0,0
CUST-01955,0.1126,5351.84,High-Value At-Risk,0,0
CUST-01956,0.0735,4189.48,New Low-Spend,0,0
CUST-01957,0.1273,7439.18,New High-Value,0,0
CUST-01958,0.0415,5520.43,New Low-Spend,0,0
CUST-01959,0.1136,9255.23,New High-Value,0,0
CUST-01960,0.0932,5613.54,New High-Value,0,0
CUST-01961,0.3846,4727.95,High-Value At-Risk,0,0
CUST-01962,0.1967,5639.25,New High-Value,0,0
CUST-01963,0.2641,5510.61,High-Value At-Risk,0,1
CUST-01964,0.0749,5314.51,Loyal,0,0
CUST-01965,0.1423,3816.63,Loyal,0,0
CUST-01966,0.1118,7242.18,New High-Value,0,0
CUST-01967,0.0608,7091.12,New High-Value,0,0
CUST-01968,0.1056,4889.96,Loyal,0,0
CUST-01969,0.1771,3612.47,New Low-Spend,0,0
CUST-01970,0.1234,3982.33,New Low-Spend,0,0
CUST-01971,0.1467,2773.01,New Low-Spend,0,0
CUST-01972,0.0902,6757.0,High-Value At-Risk,0,0
CUST-01973,0.2903,6038.5,New High-Value,0,1
CUST-01974,0.316,4481.06,New Low-Spend,0,0
CUST-01975,0.089,8274.76,New High-Value,0,0
CUST-01976,0.3595,4825.89,New High-Value,0,0
CUST-01977,0.2088,3815.02,Loyal,0,0
CUST-01978,0.231,5521.89,New High-Value,0,0
CUST-01979,0.2596,4162.76,High-Value At-Risk,0,0
CUST-01980,0.1298,7880.89,New High-Value,0,0
CUST-01981,0.1773,4644.63,High-Value At-Risk,0,0
CUST-01982,0.3333,4036.43,New Low-Spend,0,0
CUST-01983,0.2443,4043.03,New Low-Spend,0,0
CUST-01984,0.233,3067.46,New Low-Spend,0,0
CUST-01985,0.1471,5774.39,Loyal,0,0
CUST-01986,0.0568,8478.07,New High-Value,0,0
CUST-01987,0.4587,4712.8,High-Value At-Risk,0,0
CUST-01988,0.0408,6425.34,Loyal,0,0
CUST-01989,0.359,5786.94,High-Value At-Risk,0,1
CUST-01990,0.4533,5707.55,New High-Value,0,1
CUST-01991,0.4048,5794.1,New High-Value,0,1
CUST-01992,0.0655,7089.63,Loyal,1,0
CUST-01993,0.1285,6791.08,Loyal,0,0
CUST-01994,0.2825,4654.74,New Low-Spend,0,0
CUST-01995,0.0841,7022.14,High-Value At-Risk,0,0
CUST-01996,0.1714,3541.9,New Low-Spend,0,0
CUST-01997,0.0823,4824.97,New Low-Spend,0,0
CUST-01998,0.0643,6132.57,Loyal,0,0
CUST-01999,0.2017,5994.72,Loyal,0,0
CUST-02000,0.1635,4862.46,New High-Value,0,0
CUST-02001,0.1339,3653.12,New Low-Spend,0,0
CUST-02002,0.1994,7218.97,High-Value At-Risk,0,0
CUST-02003,0.1925,6653.78,High-Value At-Risk,0,0
CUST-02004,0.0527,6504.21,High-Value At-Risk,0,0
CUST-02005,0.4001,5692.87,New High-Value,0,1
CUST-02006,0.0815,7312.75,New High-Value,0,0
CUST-02007,0.1333,3944.44,Loyal,0,0
CUST-02008,0.0412,4902.45,Loyal,0,0
CUST-02009,0.2657,5726.48,New High-Value,0,1
CUST-02010,0.3327,5465.45,High-Value At-Risk,0,1
CUST-02011,0.4595,4053.33,New Low-Spend,0,0
CUST-02012,0.0589,6155.2,New High-Value,0,0
CUST-02013,0.1297,6059.38,Loyal,0,0
CUST-02014,0.0673,5544.94,New High-Value,0,0
CUST-02015,0.0472,7336.25,New High-Value,0,0
CUST-02016,0.2481,5569.43,New Low-Spend,0,0
CUST-02017,0.1556,7080.49,New High-Value,0,0
CUST-02018,0.1439,5026.46,Loyal,0,0
CUST-02019,0.2371,3644.4,New Low-Spend,0,0
CUST-02020,0.1033,5612.55,Loyal,0,0
CUST-02021,0.0573,8370.74,New High-Value,0,0
CUST-02022,0.1204,5031.06,Loyal,0,0
CUST-02023,0.3497,3775.45,New Low-Spend,0,0
CUST-02024,0.1114,7746.21,New High-Value,0,0
CUST-02025,0.3897,4103.63,New Low-Spend,0,0
CUST-02026,0.1578,7581.37,High-Value At-Risk,0,0
CUST-02027,0.0629,4075.51,New Low-Spend,0,0
CUST-02028,0.2677,5108.16,New High-Value,0,0
CUST-02029,0.1777,4494.21,New Low-Spend,0,0
CUST-02030,0.0943,6036.62,High-Value At-Risk,0,0
CUST-02031,0.0824,5134.95,New Low-Spend,0,0
CUST-02032,0.1109,7677.04,New High-Value,0,0
CUST-02033,0.16,6287.76,New High-Value,1,0
CUST-02034,0.2223,7622.94,New High-Value,0,0
CUST-02035,0.2938,6110.56,New High-Value,0,1
CUST-02036,0.11,3597.8,New Low-Spend,0,0
CUST-02037,0.0724,5633.29,High-Value At-Risk,0,0
CUST-02038,0.1064,6131.97,New High-Value,0,0
CUST-02039,0.3671,4458.64,High-Value At-Risk,0,0
CUST-02040,0.0994,7760.04,New High-Value,0,0
CUST-02041,0.3167,5788.08,New High-Value,0,1
CUST-02042,0.2587,3914.65,New Low-Spend,0,0
CUST-02043,0.2187,5467.49,New High-Value,0,0
CUST-02044,0.2457,3933.64,New Low-Spend,0,0
CUST-02045,0.105,6415.72,High-Value At-Risk,0,0
CUST-02046,0.2192,6976.27,High-Value At-Risk,1,0
CUST-02047,0.045,7541.61,New High-Value,0,0
CUST-02048,0.1825,4413.6,Loyal,0,0
CUST-02049,0.2739,2794.85,New Low-Spend,0,0
CUST-02050,0.2835,4793.57,New High-Value,0,0
CUST-02051,0.4134,6763.16,New High-Value,0,1
CUST-02052,0.0737,4902.29,High-Value At-Risk,0,0
CUST-02053,0.1614,3210.29,New Low-Spend,0,0
CUST-02054,0.2616,4883.95,New High-Value,0,0
CUST-02055,0.1968,4662.45,New High-Value,0,0
CUST-02056,0.0977,4852.85,Loyal,0,0
CUST-02057,0.296,3561.37,New Low-Spend,0,0
CUST-02058,0.0537,5947.26,New Low-Spend,0,0
CUST-02059,0.314,4473.7,High-Value At-Risk,0,0
CUST-02060,0.1705,6344.22,New High-Value,0,0
CUST-02061,0.0754,7636.49,Loyal,0,0
CUST-02062,0.0742,6554.51,High-Value At-Risk,0,0
CUST-02063,0.2946,4778.01,New Low-Spend,0,0
CUST-02064,0.0627,6070.61,New High-Value,0,0
CUST-02065,0.0641,5150.45,New Low-Spend,0,0
CUST-02066,0.2831,3801.79,High-Value At-Risk,0,0
CUST-02067,0.1665,5976.16,New High-Value,0,0
CUST-02068,0.1159,8807.33,New High-Value,0,0
CUST-02069,0.0856,6809.64,New High-Value,0,0
CUST-02070,0.0671,7156.55,High-Value At-Risk,0,0
CUST-02071,0.2034,7105.58,New High-Value,0,0
CUST-02072,0.0821,3758.59,New Low-Spend,0,0
CUST-02073,0.3828,5038.27,New High-Value,0,0
CUST-02074,0.157,4944.61,High-Value At-Risk,0,0
CUST-02075,0.0441,5203.73,New Low-Spend,0,0
CUST-02076,0.0737,4343.37,Loyal,0,0
CUST-02077,0.2461,4645.13,New Low-Spend,0,0
CUST-02078,0.05,3565.63,New Low-Spend,0,0
CUST-02079,0.0709,6170.75,Loyal,0,0
CUST-02080,0.4031,6572.82,New High-Value,0,1
CUST-02081,0.1091,4838.86,New Low-Spend,0,0
CUST-02082,0.1266,5076.94,New High-Value,0,0
CUST-02083,0.3148,5412.06,New High-Value,0,1
CUST-02084,0.4335,3315.01,New Low-Spend,0,0
CUST-02085,0.0889,5476.76,New Low-Spend,0,0
CUST-02086,0.346,4016.21,New Low-Spend,0,0
CUST-02087,0.1411,5403.5,New High-Value,0,0
CUST-02088,0.2555,4578.66,Loyal,0,0
CUST-02089,0.0737,4634.95,New Low-Spend,0,0
CUST-02090,0.1097,7889.31,New High-Value,0,0
CUST-02091,0.2863,4607.2,New Low-Spend,0,0
CUST-02092,0.1459,6503.86,New High-Value,0,0
CUST-02093,0.1361,5828.67,New High-Value,0,0
CUST-02094,0.2831,5769.86,New High-Value,0,1
CUST-02095,0.1078,6890.65,New High-Value,0,0
CUST-02096,0.0727,5748.92,New High-Value,0,0
CUST-02097,0.2595,3918.64,New Low-Spend,0,0
CUST-02098,0.2128,7671.03,High-Value At-Risk,0,0
CUST-02099,0.2937,6921.29,New High-Value,0,1
CUST-02100,0.2373,4102.82,New Low-Spend,0,0
CUST-02101,0.1383,5660.88,Loyal,0,0
CUST-02102,0.2732,2702.42,New Low-Spend,0,0
CUST-02103,0.0645,5609.07,Loyal,0,0
CUST-02104,0.1967,4694.08,New High-Value,0,0
CUST-02105,0.0769,6052.97,New High-Value,0,0
CUST-02106,0.3223,6590.09,New High-Value,0,1
CUST-02107,0.0587,2638.24,New Low-Spend,0,0
CUST-02108,0.1786,5853.86,High-Value At-Risk,0,0
CUST-02109,0.1856,5660.02,New High-Value,0,0
CUST-02110,0.3797,5503.65,New High-Value,0,1
CUST-02111,0.3217,5596.7,New High-Value,0,1
CUST-02112,0.331,4782.15,New High-Value,0,0
CUST-02113,0.2337,4898.38,New High-Value,0,0
CUST-02114,0.0542,5201.63,New Low-Spend,0,0
CUST-02115,0.3093,5283.25,New High-Value,0,0
CUST-02116,0.118,5734.86,New High-Value,0,0
CUST-02117,0.1244,5475.42,New High-Value,0,0
CUST-02118,0.1313,6840.15,New High-Value,0,0
CUST-02119,0.1349,5160.89,High-Value At-Risk,0,0
CUST-02120,0.1932,3491.34,New Low-Spend,0,0
CUST-02121,0.0646,5746.7,New High-Value,0,0
CUST-02122,0.2057,6558.94,High-Value At-Risk,0,0
CUST-02123,0.0857,5501.35,High-Value At-Risk,0,0
CUST-02124,0.2807,4159.12,New Low-Spend,0,0
CUST-02125,0.1215,4078.4,High-Value At-Risk,0,0
CUST-02126,0.3941,3822.69,High-Value At-Risk,0,0
CUST-02127,0.3051,5523.36,High-Value At-Risk,0,1
CUST-02128,0.2548,4816.29,New Low-Spend,0,0
CUST-02129,0.2673,5035.98,High-Value At-Risk,0,0
CUST-02130,0.1057,4067.48,New Low-Spend,0,0
CUST-02131,0.083,7255.85,New High-Value,0,0
CUST-02132,0.1119,5199.71,New High-Value,0,0
CUST-02133,0.1248,7765.35,High-Value At-Risk,0,0
CUST-02134,0.1269,5555.83,High-Value At-Risk,0,0
CUST-02135,0.0902,7323.08,High-Value At-Risk,0,0
CUST-02136,0.0573,4098.24,New Low-Spend,0,0
CUST-02137,0.224,5459.37,New High-Value,0,0
CUST-02138,0.21,4372.94,New Low-Spend,0,0
CUST-02139,0.1011,7000.11,New High-Value,0,0
CUST-02140,0.2392,6262.85,New High-Value,0,0
CUST-02141,0.0737,8339.34,Loyal,1,0
CUST-02142,0.0975,8247.77,New High-Value,0,0
CUST-02143,0.0649,5448.27,New Low-Spend,0,0
CUST-02144,0.3479,5697.37,New High-Value,0,1
CUST-02145,0.0739,5364.77,New Low-Spend,0,0
CUST-02146,0.1561,3254.85,New Low-Spend,0,0
CUST-02147,0.1227,4969.49,Loyal,0,0
CUST-02148,0.1401,5377.99,Loyal,0,0
CUST-02149,0.3377,4485.12,New Low-Spend,0,0
CUST-02150,0.4278,4156.79,New Low-Spend,0,0
CUST-02151,0.145,5389.24,New Low-Spend,0,0
CUST-02152,0.0793,6679.27,New Low-Spend,0,0
CUST-02153,0.217,6635.99,New High-Value,0,0
CUST-02154,0.4809,2820.52,New Low-Spend,1,0
CUST-02155,0.1244,4048.43,Loyal,0,0
CUST-02156,0.2361,3615.03,New Low-Spend,0,0
CUST-02157,0.1772,2941.04,New Low-Spend,0,0
CUST-02158,0.0712,2863.22,Loyal,0,0
CUST-02159,0.0913,3676.33,New Low-Spend,0,0
CUST-02160,0.1041,4215.59,New Low-Spend,0,0
CUST-02161,0.0712,6489.98,Loyal,0,0
CUST-02162,0.1275,4839.65,Loyal,0,0
CUST-02163,0.0856,7470.55,New High-Value,0,0
CUST-02164,0.1712,6050.23,New High-Value,0,0
CUST-02165,0.1321,3618.14,New Low-Spend,0,0
CUST-02166,0.179,5896.77,New High-Value,0,0
CUST-02167,0.2769,4597.1,High-Value At-Risk,0,0
CUST-02168,0.2329,4103.13,Loyal,0,0
CUST-02169,0.158,6595.63,New High-Value,0,0
CUST-02170,0.2173,4498.33,New Low-Spend,0,0
CUST-02171,0.1369,7725.63,New High-Value,0,0
CUST-02172,0.2431,5116.37,New High-Value,0,0
CUST-02173,0.2002,4715.34,High-Value At-Risk,0,0
CUST-02174,0.1064,4273.43,New Low-Spend,0,0
CUST-02175,0.0878,7407.42,New High-Value,0,0
CUST-02176,0.2994,4106.1,New Low-Spend,0,0
CUST-02177,0.1204,7398.74,High-Value At-Risk,0,0
CUST-02178,0.1094,6431.35,Loyal,0,0
CUST-02179,0.2381,3729.23,New Low-Spend,0,0
CUST-02180,0.3034,5060.68,High-Value At-Risk,0,0
CUST-02181,0.226,3740.91,New Low-Spend,0,0
CUST-02182,0.0609,5569.07,New Low-Spend,0,0
CUST-02183,0.2208,5330.7,New Low-Spend,0,0
CUST-02184,0.0704,5059.69,New Low-Spend,0,0
CUST-02185,0.036,3523.07,New Low-Spend,0,0
CUST-02186,0.0656,4768.97,New Low-Spend,0,0
CUST-02187,0.331,5817.06,High-Value At-Risk,0,1
CUST-02188,0.3351,4606.0,High-Value At-Risk,0,0
CUST-02189,0.0681,5882.48,New Low-Spend,0,0
CUST-02190,0.0592,5066.62,High-Value At-Risk,0,0
CUST-02191,0.2423,5258.96,New High-Value,0,0
CUST-02192,0.2182,6176.19,New High-Value,0,0
CUST-02193,0.0447,4928.02,High-Value At-Risk,0,0
CUST-02194,0.0587,5714.19,Loyal,0,0
CUST-02195,0.1057,8252.3,New High-Value,0,0
CUST-02196,0.0432,5827.42,Loyal,0,0
CUST-02197,0.3588,6697.39,High-Value At-Risk,1,1
CUST-02198,0.455,6005.13,New High-Value,0,1
CUST-02199,0.0348,5249.75,Loyal,0,0
CUST-02200,0.0882,5871.6,New Low-Spend,0,0
CUST-02201,0.1239,5787.14,Loyal,0,0
CUST-02202,0.0947,5674.02,New High-Value,0,0
CUST-02203,0.2286,5495.85,High-Value At-Risk,0,0
CUST-02204,0.2088,4556.75,Loyal,0,0
CUST-02205,0.0366,7098.75,Loyal,0,0
CUST-02206,0.424,3775.13,New Low-Spend,0,0
CUST-02207,0.1884,4418.24,New Low-Spend,0,0
CUST-02208,0.1459,5452.99,New High-Value,0,0
CUST-02209,0.1715,5683.79,New High-Value,0,0
CUST-02210,0.2618,3134.3,New Low-Spend,0,0
CUST-02211,0.0811,4445.64,New Low-Spend,0,0
CUST-02212,0.204,3665.68,High-Value At-Risk,0,0
CUST-02213,0.0731,3613.54,High-Value At-Risk,0,0
CUST-02214,0.2647,3334.81,New Low-Spend,0,0
CUST-02215,0.1219,4860.49,Loyal,0,0
CUST-02216,0.1605,7549.01,New High-Value,0,0
CUST-02217,0.2189,6070.93,New High-Value,0,0
CUST-02218,0.0632,8186.71,New High-Value,0,0
CUST-02219,0.0792,4359.27,New Low-Spend,0,0
CUST-02220,0.0751,7419.42,New High-Value,0,0
CUST-02221,0.279,6690.45,High-Value At-Risk,0,1
CUST-02222,0.2709,3504.89,New Low-Spend,0,0
CUST-02223,0.0535,7465.22,Loyal,0,0
CUST-02224,0.1426,4112.83,New Low-Spend,0,0
CUST-02225,0.0951,5779.3,High-Value At-Risk,0,0
CUST-02226,0.1244,6023.45,New High-Value,0,0
CUST-02227,0.1004,5448.14,Loyal,0,0
CUST-02228,0.1572,3794.11,New Low-Spend,0,0
CUST-02229,0.0746,4198.12,New Low-Spend,0,0
CUST-02230,0.1111,2728.95,New Low-Spend,0,0
CUST-02231,0.4328,5290.07,High-Value At-Risk,0,0
CUST-02232,0.0771,6886.88,High-Value At-Risk,0,0
CUST-02233,0.1298,6824.51,New High-Value,0,0
CUST-02234,0.1305,3741.36,Loyal,0,0
CUST-02235,0.1444,4602.96,New Low-Spend,0,0
CUST-02236,0.1027,6140.35,High-Value At-Risk,0,0
CUST-02237,0.1276,4762.45,New Low-Spend,0,0
CUST-02238,0.1052,6518.51,New High-Value,0,0
CUST-02239,0.2539,4511.15,New Low-Spend,0,0
CUST-02240,0.0836,7593.73,Loyal,0,0
CUST-02241,0.0421,4813.62,Loyal,0,0
CUST-02242,0.0931,6208.59,New High-Value,0,0
CUST-02243,0.3923,6899.3,New High-Value,0,1
CUST-02244,0.1145,4861.05,Loyal,0,0
CUST-02245,0.1398,4821.96,High-Value At-Risk,0,0
CUST-02246,0.2205,4341.21,Loyal,0,0
CUST-02247,0.1048,3397.73,Loyal,0,0
CUST-02248,0.1037,5673.31,New High-Value,0,0
CUST-02249,0.4111,4783.4,High-Value At-Risk,0,0
CUST-02250,0.0757,6301.18,New High-Value,0,0
CUST-02251,0.153,3927.87,New Low-Spend,0,0
CUST-02252,0.1377,7346.27,New High-Value,0,0
CUST-02253,0.3717,6602.62,New High-Value,0,1
CUST-02254,0.0725,8635.18,New High-Value,0,0
CUST-02255,0.0946,7002.06,High-Value At-Risk,0,0
CUST-02256,0.0845,7335.61,High-Value At-Risk,0,0
CUST-02257,0.3626,5185.88,New High-Value,0,0
CUST-02258,0.1447,6122.22,New High-Value,0,0
CUST-02259,0.0832,7218.46,New High-Value,0,0
CUST-02260,0.1354,3976.1,New Low-Spend,0,0
CUST-02261,0.0915,4099.9,New Low-Spend,0,0
CUST-02262,0.2035,5065.98,New High-Value,0,0
CUST-02263,0.1989,3549.88,New Low-Spend,0,0
CUST-02264,0.1204,6624.21,New High-Value,0,0
CUST-02265,0.1211,8169.93,New High-Value,0,0
CUST-02266,0.1255,5041.51,Loyal,0,0
CUST-02267,0.286,6454.86,New High-Value,0,1
CUST-02268,0.0788,5072.58,New Low-Spend,0,0
CUST-02269,0.0563,5997.84,Loyal,0,0
CUST-02270,0.3055,4774.39,Loyal,0,0
CUST-02271,0.2629,4058.98,New Low-Spend,0,0
CUST-02272,0.131,5522.91,Loyal,0,0
CUST-02273,0.0451,5394.02,Loyal,0,0
CUST-02274,0.2109,4073.35,New Low-Spend,0,0
CUST-02275,0.161,7274.44,New High-Value,0,0
CUST-02276,0.3588,4687.36,New High-Value,0,0
CUST-02277,0.1643,5395.28,High-Value At-Risk,0,0
CUST-02278,0.0728,7130.24,New High-Value,0,0
CUST-02279,0.3174,7171.03,New High-Value,0,1
CUST-02280,0.1048,4465.02,Loyal,0,0
CUST-02281,0.2547,6342.73,New High-Value,0,1
CUST-02282,0.3768,6637.64,New High-Value,0,1
CUST-02283,0.1737,6201.82,New High-Value,0,0
CUST-02284,0.0567,7577.35,New High-Value,0,0
CUST-02285,0.3295,6563.52,New High-Value,0,1
CUST-02286,0.1864,4809.79,New High-Value,0,0
CUST-02287,0.2057,2913.17,New Low-Spend,0,0
CUST-02288,0.1839,6822.67,New High-Value,0,0
CUST-02289,0.0775,7871.85,New High-Value,0,0
CUST-02290,0.1778,3732.07,New Low-Spend,0,0
CUST-02291,0.299,3921.77,New Low-Spend,0,0
CUST-02292,0.1823,4737.42,New Low-Spend,0,0
CUST-02293,0.1017,8003.68,New High-Value,0,0
CUST-02294,0.0929,4901.31,New Low-Spend,0,0
CUST-02295,0.2543,4411.36,New Low-Spend,0,0
CUST-02296,0.1324,7849.34,New High-Value,0,0
CUST-02297,0.0826,6784.97,Loyal,0,0
CUST-02298,0.0734,8436.91,New High-Value,0,0
CUST-02299,0.2173,4958.29,New High-Value,0,0
CUST-02300,0.0528,5754.4,High-Value At-Risk,0,0
CUST-02301,0.1028,5378.74,New High-Value,0,0
CUST-02302,0.1336,5990.31,Loyal,0,0
CUST-02303,0.2164,5902.85,New High-Value,0,0
CUST-02304,0.1256,4619.73,Loyal,0,0
CUST-02305,0.3164,5223.83,High-Value At-Risk,0,0
CUST-02306,0.4137,5729.43,High-Value At-Risk,0,1
CUST-02307,0.0752,6124.25,High-Value At-Risk,0,0
CUST-02308,0.0558,6432.78,Loyal,0,0
CUST-02309,0.2671,3757.08,Loyal,0,0
CUST-02310,0.2314,4138.25,New Low-Spend,0,0
CUST-02311,0.0842,6036.07,High-Value At-Risk,0,0
CUST-02312,0.3281,3896.6,New Low-Spend,0,0
CUST-02313,0.1211,7153.94,Loyal,0,0
CUST-02314,0.0777,6607.28,High-Value At-Risk,0,0
CUST-02315,0.2529,4595.94,New High-Value,0,0
CUST-02316,0.2709,5459.33,New High-Value,0,1
CUST-02317,0.0902,5434.03,New High-Value,0,0
CUST-02318,0.1089,2891.19,New Low-Spend,0,0
CUST-02319,0.172,4299.11,New Low-Spend,0,0
CUST-02320,0.1134,8098.37,High-Value At-Risk,0,0
CUST-02321,0.0427,5286.19,New Low-Spend,0,0
CUST-02322,0.3482,4338.1,High-Value At-Risk,0,0
CUST-02323,0.116,4406.05,New Low-Spend,0,0
CUST-02324,0.1615,5693.0,New High-Value,0,0
CUST-02325,0.1978,4362.37,Loyal,1,0
CUST-02326,0.262,4925.96,New Low-Spend,0,0
CUST-02327,0.2168,3826.98,New Low-Spend,0,0
CUST-02328,0.1857,5470.75,High-Value At-Risk,0,0
CUST-02329,0.1171,7296.34,New High-Value,0,0
CUST-02330,0.1159,3789.77,New Low-Spend,0,0
CUST-02331,0.1099,4139.74,New Low-Spend,0,0
CUST-02332,0.1518,6914.84,New High-Value,0,0
CUST-02333,0.0491,6624.33,New High-Value,0,0
CUST-02334,0.1992,4956.01,New High-Value,0,0
CUST-02335,0.3568,3337.9,New Low-Spend,0,0
CUST-02336,0.0583,4756.01,New Low-Spend,0,0
CUST-02337,0.1659,8281.1,New High-Value,0,0
CUST-02338,0.2134,3475.69,New Low-Spend,0,0
CUST-02339,0.2176,4106.9,New Low-Spend,0,0
CUST-02340,0.117,6681.52,High-Value At-Risk,0,0
CUST-02341,0.1233,5356.62,New Low-Spend,0,0
CUST-02342,0.1874,4228.73,New Low-Spend,0,0
CUST-02343,0.0507,4331.36,Loyal,0,0
CUST-02344,0.4329,3071.39,New Low-Spend,0,0
CUST-02345,0.366,5545.55,New High-Value,0,1
CUST-02346,0.1532,6614.11,New High-Value,0,0
CUST-02347,0.0337,4393.53,Loyal,0,0
CUST-02348,0.1611,3767.01,New Low-Spend,0,0
CUST-02349,0.2387,6612.38,High-Value At-Risk,0,0
CUST-02350,0.1353,4884.18,High-Value At-Risk,0,0
CUST-02351,0.0606,5056.99,New Low-Spend,0,0
CUST-02352,0.199,5384.25,High-Value At-Risk,0,0
CUST-02353,0.0969,5121.16,New High-Value,0,0
CUST-02354,0.2801,2500.91,New Low-Spend,0,0
CUST-02355,0.1627,6909.26,High-Value At-Risk,0,0
CUST-02356,0.239,4036.45,New Low-Spend,0,0
CUST-02357,0.1483,6484.47,New High-Value,0,0
CUST-02358,0.3435,3016.9,New Low-Spend,1,0
CUST-02359,0.2596,6792.14,New High-Value,0,1
CUST-02360,0.2877,5722.16,New High-Value,0,1
CUST-02361,0.2458,4499.09,New High-Value,0,0
CUST-02362,0.2402,4024.48,New Low-Spend,0,0
CUST-02363,0.3499,2464.93,New Low-Spend,0,0
CUST-02364,0.2455,5364.46,High-Value At-Risk,0,0
CUST-02365,0.1803,5165.28,New High-Value,0,0
CUST-02366,0.3362,5402.73,High-Value At-Risk,0,1
CUST-02367,0.2477,3586.15,New Low-Spend,0,0
CUST-02368,0.256,4973.4,Loyal,0,0
CUST-02369,0.2505,6603.97,New High-Value,0,1
CUST-02370,0.0995,4406.65,New Low-Spend,0,0
CUST-02371,0.14,8138.86,New High-Value,0,0
CUST-02372,0.0859,5115.61,New Low-Spend,0,0
CUST-02373,0.3222,4011.66,High-Value At-Risk,0,0
CUST-02374,0.0832,9036.47,High-Value At-Risk,0,0
CUST-02375,0.0564,8096.74,New High-Value,0,0
CUST-02376,0.2425,5277.98,Loyal,0,0
CUST-02377,0.1127,4193.56,Loyal,0,0
CUST-02378,0.0977,7358.94,High-Value At-Risk,0,0
CUST-02379,0.0806,6908.68,New High-Value,0,0
CUST-02380,0.1621,5354.37,New Low-Spend,0,0
CUST-02381,0.0844,4663.74,New Low-Spend,0,0
CUST-02382,0.0643,6889.58,New High-Value,0,0
CUST-02383,0.1063,4353.79,High-Value At-Risk,0,0
CUST-02384,0.2813,3494.32,New Low-Spend,0,0
CUST-02385,0.2243,5851.39,High-Value At-Risk,0,0
CUST-02386,0.0863,7411.77,Loyal,0,0
CUST-02387,0.313,5555.35,New High-Value,0,1
CUST-02388,0.0895,5602.95,Loyal,0,0
CUST-02389,0.3704,4775.94,New High-Value,0,0
CUST-02390,0.3384,3833.66,New Low-Spend,0,0
CUST-02391,0.2878,5325.67,High-Value At-Risk,0,1
CUST-02392,0.1758,7532.42,New High-Value,0,0
CUST-02393,0.2219,5302.77,New High-Value,0,0
CUST-02394,0.1454,6904.6,New High-Value,0,0
CUST-02395,0.213,3108.17,Loyal,0,0
CUST-02396,0.0508,5320.49,New Low-Spend,0,0
CUST-02397,0.1167,4009.76,High-Value At-Risk,0,0
CUST-02398,0.0963,4983.07,Loyal,0,0
CUST-02399,0.1753,3853.4,New Low-Spend,0,0
CUST-02400,0.1991,5738.34,Loyal,0,0
CUST-02401,0.1393,4938.75,High-Value At-Risk,0,0
CUST-02402,0.0635,7033.28,High-Value At-Risk,0,0
CUST-02403,0.1543,4265.58,Loyal,0,0
CUST-02404,0.0777,4273.31,Loyal,0,0
CUST-02405,0.0722,6428.55,Loyal,0,0
CUST-02406,0.376,4576.4,New Low-Spend,0,0
CUST-02407,0.1916,5489.54,New Low-Spend,0,0
CUST-02408,0.3495,4657.04,New High-Value,0,0
CUST-02409,0.3299,4350.91,New High-Value,0,0
CUST-02410,0.0923,4055.53,New Low-Spend,0,0
CUST-02411,0.2373,5665.51,New High-Value,0,0
CUST-02412,0.0716,6635.18,New High-Value,0,0
CUST-02413,0.1571,8583.19,New High-Value,0,0
CUST-02414,0.0486,6344.19,Loyal,0,0
CUST-02415,0.2444,3596.73,New Low-Spend,0,0
CUST-02416,0.1408,4233.09,New Low-Spend,0,0
CUST-02417,0.2645,4722.81,New Low-Spend,0,0
CUST-02418,0.1319,4545.34,High-Value At-Risk,0,0
CUST-02419,0.361,4729.53,New Low-Spend,0,0
CUST-02420,0.067,6293.1,Loyal,1,0
CUST-02421,0.1466,4804.75,New Low-Spend,0,0
CUST-02422,0.1335,4125.37,New Low-Spend,0,0
CUST-02423,0.0741,6861.18,New High-Value,0,0
CUST-02424,0.0334,4186.74,New Low-Spend,0,0
CUST-02425,0.318,6471.26,High-Value At-Risk,0,1
CUST-02426,0.0933,6077.28,New High-Value,0,0
CUST-02427,0.2564,5055.69,New Low-Spend,0,0
CUST-02428,0.0971,4755.52,New Low-Spend,0,0
CUST-02429,0.1539,4292.33,New Low-Spend,0,0
CUST-02430,0.2199,3139.64,New Low-Spend,0,0
CUST-02431,0.1372,4553.02,New Low-Spend,0,0
CUST-02432,0.2405,6816.75,High-Value At-Risk,1,0
CUST-02433,0.2078,7321.17,New High-Value,0,0
CUST-02434,0.1847,6210.16,New High-Value,0,0
CUST-02435,0.2496,6049.68,New High-Value,0,0
CUST-02436,0.352,5554.72,New High-Value,0,1
CUST-02437,0.2878,4748.9,High-Value At-Risk,0,0
CUST-02438,0.1264,4668.93,New Low-Spend,0,0
CUST-02439,0.1928,6887.74,New High-Value,0,0
CUST-02440,0.059,5827.34,New High-Value,0,0
CUST-02441,0.1132,8074.6,New High-Value,0,0
CUST-02442,0.2129,4325.06,High-Value At-Risk,0,0
CUST-02443,0.0718,5732.38,Loyal,0,0
CUST-02444,0.2283,5082.8,High-Value At-Risk,0,0
CUST-02445,0.2778,5318.8,New High-Value,0,1
CUST-02446,0.2877,3035.04,High-Value At-Risk,1,0
CUST-02447,0.3718,4811.54,New High-Value,0,0
CUST-02448,0.2115,4135.51,New Low-Spend,0,0
CUST-02449,0.2606,4522.72,New Low-Spend,0,0
CUST-02450,0.0564,4793.91,New Low-Spend,0,0
CUST-02451,0.2466,6588.34,New High-Value,0,0
CUST-02452,0.0428,7067.82,New High-Value,0,0
CUST-02453,0.4137,2865.97,New Low-Spend,0,0
CUST-02454,0.1794,5421.25,High-Value At-Risk,0,0
CUST-02455,0.3773,5992.91,New High-Value,0,1
CUST-02456,0.1173,6725.11,Loyal,0,0
CUST-02457,0.1291,5314.03,New High-Value,0,0
CUST-02458,0.1603,9134.54,New High-Value,0,0
CUST-02459,0.0585,5441.95,New Low-Spend,0,0
CUST-02460,0.389,6035.63,New High-Value,0,1
CUST-02461,0.1238,6266.13,New High-Value,0,0
CUST-02462,0.1224,6303.16,High-Value At-Risk,0,0
CUST-02463,0.0627,6843.16,New High-Value,0,0
CUST-02464,0.2303,5214.77,New High-Value,0,0
CUST-02465,0.104,5247.25,New Low-Spend,0,0
CUST-02466,0.0478,3642.97,New Low-Spend,0,0
CUST-02467,0.1801,5398.81,New High-Value,0,0
CUST-02468,0.4226,7471.21,New High-Value,0,1
CUST-02469,0.2833,6341.71,New High-Value,0,1
CUST-02470,0.0373,4157.72,New Low-Spend,0,0
CUST-02471,0.3745,7136.03,New High-Value,0,1
CUST-02472,0.3627,2942.43,New Low-Spend,0,0
CUST-02473,0.1886,5572.18,New High-Value,0,0
CUST-02474,0.0531,6819.21,New High-Value,0,0
CUST-02475,0.0775,5175.78,New High-Value,0,0
CUST-02476,0.4923,5708.46,New High-Value,0,1
CUST-02477,0.129,5579.46,Loyal,0,0
CUST-02478,0.1169,2392.89,Loyal,1,0
CUST-02479,0.293,4146.6,New Low-Spend,0,0
CUST-02480,0.2337,5330.35,New High-Value,0,0
CUST-02481,0.0679,7184.55,High-Value At-Risk,0,0
CUST-02482,0.1519,3594.98,New Low-Spend,0,0
CUST-02483,0.3531,4755.76,New Low-Spend,0,0
CUST-02484,0.1996,5810.09,New High-Value,0,0
CUST-02485,0.1259,6424.12,New High-Value,0,0
CUST-02486,0.0847,6351.96,High-Value At-Risk,0,0
CUST-02487,0.4355,4535.27,New Low-Spend,0,0
CUST-02488,0.0678,5513.74,New High-Value,0,0
CUST-02489,0.0604,4231.93,Loyal,0,0
CUST-02490,0.058,4373.01,Loyal,0,0
CUST-02491,0.2391,6707.48,New High-Value,0,0
CUST-02492,0.2312,5088.2,New High-Value,0,0
CUST-02493,0.0499,6457.55,New High-Value,0,0
CUST-02494,0.3357,5774.78,Loyal,0,1
CUST-02495,0.2528,6756.41,New High-Value,0,1
CUST-02496,0.3147,4822.19,New Low-Spend,0,0
CUST-02497,0.0658,6854.14,New High-Value,0,0
CUST-02498,0.3831,5618.95,New High-Value,0,1
CUST-02499,0.21,4718.32,New Low-Spend,0,0
CUST-02500,0.163,6407.8,High-Value At-Risk,0,0
CUST-02501,0.3137,5730.0,New High-Value,0,1
CUST-02502,0.2757,7192.3,New High-Value,0,1
CUST-02503,0.1198,4300.75,Loyal,0,0
CUST-02504,0.2428,3692.53,New Low-Spend,0,0
CUST-02505,0.0643,3217.32,New Low-Spend,0,0
CUST-02506,0.1945,6504.62,New High-Value,0,0
CUST-02507,0.0443,7357.13,Loyal,0,0
CUST-02508,0.2928,4141.05,High-Value At-Risk,0,0
CUST-02509,0.3129,5560.23,New High-Value,0,1
CUST-02510,0.229,5913.74,New High-Value,0,0
CUST-02511,0.4327,3724.82,New Low-Spend,0,0
CUST-02512,0.351,5371.22,New High-Value,0,1
CUST-02513,0.1675,5391.39,New High-Value,0,0
CUST-02514,0.1014,4924.43,New Low-Spend,0,0
CUST-02515,0.2634,3251.53,New Low-Spend,0,0
CUST-02516,0.0624,4615.98,New Low-Spend,0,0
CUST-02517,0.1072,4844.41,New Low-Spend,0,0
CUST-02518,0.3974,5669.7,High-Value At-Risk,0,1
CUST-02519,0.0965,6866.39,New High-Value,0,0
CUST-02520,0.214,4602.1,New Low-Spend,0,0
CUST-02521,0.2579,4617.65,Loyal,0,0
CUST-02522,0.3035,5089.25,High-Value At-Risk,0,0
CUST-02523,0.1747,5455.37,High-Value At-Risk,0,0
CUST-02524,0.0878,7874.23,Loyal,0,0
CUST-02525,0.2925,4773.07,High-Value At-Risk,0,0
CUST-02526,0.0306,5747.99,Loyal,0,0
CUST-02527,0.1408,4315.33,Loyal,0,0
CUST-02528,0.3849,5939.86,New High-Value,0,1
CUST-02529,0.3236,4403.7,New Low-Spend,0,0
CUST-02530,0.4385,5607.76,New High-Value,0,1
CUST-02531,0.1053,6551.3,New High-Value,0,0
CUST-02532,0.08,7995.55,New High-Value,0,0
CUST-02533,0.3068,5182.1,New High-Value,0,0
CUST-02534,0.2562,5270.49,Loyal,0,0
CUST-02535,0.0678,8633.66,New High-Value,0,0
CUST-02536,0.3155,3976.22,High-Value At-Risk,0,0
CUST-02537,0.1271,4180.7,New Low-Spend,0,0
CUST-02538,0.315,6026.68,New High-Value,0,1
CUST-02539,0.3261,5305.77,New High-Value,0,0
CUST-02540,0.415,5759.33,New High-Value,0,1
CUST-02541,0.2088,5653.7,High-Value At-Risk,0,0
CUST-02542,0.0793,5862.05,New Low-Spend,0,0
CUST-02543,0.2717,5402.52,New High-Value,0,1
CUST-02544,0.0481,5938.63,New Low-Spend,0,0
CUST-02545,0.1193,5034.77,Loyal,0,0
CUST-02546,0.2393,3230.22,New Low-Spend,0,0
CUST-02547,0.1752,3599.65,New Low-Spend,0,0
CUST-02548,0.2725,3345.75,New Low-Spend,0,0
CUST-02549,0.0921,3761.57,New Low-Spend,0,0
CUST-02550,0.2675,4022.88,New Low-Spend,0,0
CUST-02551,0.0893,7498.78,New High-Value,0,0
CUST-02552,0.0757,5072.74,New Low-Spend,0,0
CUST-02553,0.0764,2725.07,New Low-Spend,0,0
CUST-02554,0.2056,3643.41,New Low-Spend,0,0
CUST-02555,0.0908,4612.13,New Low-Spend,0,0
CUST-02556,0.112,6309.09,New High-Value,0,0
CUST-02557,0.0642,4371.56,New Low-Spend,0,0
CUST-02558,0.47,3212.86,New Low-Spend,0,0
CUST-02559,0.1414,6325.76,New High-Value,0,0
CUST-02560,0.1425,4742.3,Loyal,0,0
CUST-02561,0.0834,6459.27,New High-Value,0,0
CUST-02562,0.3083,4823.39,High-Value At-Risk,0,0
CUST-02563,0.3395,5895.04,High-Value At-Risk,0,1
CUST-02564,0.0834,4684.6,New Low-Spend,0,0
CUST-02565,0.2775,5344.58,Loyal,0,1
CUST-02566,0.1851,7100.88,New High-Value,0,0
CUST-02567,0.0745,5611.93,New Low-Spend,0,0
CUST-02568,0.0498,7072.62,Loyal,0,0
CUST-02569,0.1401,4262.53,New Low-Spend,0,0
CUST-02570,0.1158,4744.97,Loyal,0,0
CUST-02571,0.2216,5412.99,High-Value At-Risk,0,0
CUST-02572,0.0884,5894.13,New High-Value,0,0
CUST-02573,0.1918,5357.15,New High-Value,0,0
CUST-02574,0.2395,4444.49,High-Value At-Risk,0,0
CUST-02575,0.2701,2914.12,New Low-Spend,0,0
CUST-02576,0.2447,3269.36,New Low-Spend,0,0
CUST-02577,0.0269,7027.09,New High-Value,0,0
CUST-02578,0.4154,6489.29,New High-Value,0,1
CUST-02579,0.2943,5193.09,New Low-Spend,0,0
CUST-02580,0.0588,3281.57,New Low-Spend,0,0
CUST-02581,0.1352,6535.19,Loyal,0,0
CUST-02582,0.3312,6120.15,Loyal,0,1
CUST-02583,0.0639,6862.97,High-Value At-Risk,0,0
CUST-02584,0.2093,4589.45,New Low-Spend,0,0
CUST-02585,0.0835,5771.19,New Low-Spend,0,0
CUST-02586,0.1579,3933.47,New Low-Spend,0,0
CUST-02587,0.2179,6559.21,New High-Value,0,0
CUST-02588,0.4329,5572.01,New High-Value,0,1
CUST-02589,0.0975,5234.18,New Low-Spend,0,0
CUST-02590,0.3392,5661.89,High-Value At-Risk,0,1
CUST-02591,0.2486,5211.15,New High-Value,0,0
CUST-02592,0.1471,5668.7,High-Value At-Risk,0,0
CUST-02593,0.1303,4084.2,New Low-Spend,0,0
CUST-02594,0.0897,4364.75,New Low-Spend,0,0
CUST-02595,0.2423,5442.82,New High-Value,0,0
CUST-02596,0.2811,5863.17,New High-Value,0,1
CUST-02597,0.3335,4885.43,New Low-Spend,0,0
CUST-02598,0.2277,5160.77,Loyal,0,0
CUST-02599,0.2455,5838.41,Loyal,0,0
CUST-02600,0.1098,5852.88,Loyal,0,0
CUST-02601,0.0945,6296.23,High-Value At-Risk,0,0
CUST-02602,0.2603,5555.37,New High-Value,0,1
CUST-02603,0.2751,4682.63,High-Value At-Risk,0,0
CUST-02604,0.0795,4848.8,High-Value At-Risk,0,0
CUST-02605,0.2641,3941.58,New Low-Spend,0,0
CUST-02606,0.074,5634.38,New High-Value,0,0
CUST-02607,0.084,9071.39,Loyal,0,0
CUST-02608,0.113,5825.72,Loyal,0,0
CUST-02609,0.0745,4622.4,New Low-Spend,0,0
CUST-02610,0.1382,7876.52,New High-Value,0,0
CUST-02611,0.1834,5248.0,New High-Value,0,0
CUST-02612,0.1061,6458.01,New High-Value,0,0
CUST-02613,0.3063,4817.32,New High-Value,0,0
CUST-02614,0.1927,5423.71,High-Value At-Risk,0,0
CUST-02615,0.1401,4943.1,New High-Value,0,0
CUST-02616,0.3145,3904.58,New Low-Spend,0,0
CUST-02617,0.0581,8527.77,New High-Value,0,0
CUST-02618,0.2408,2407.31,New Low-Spend,0,0
CUST-02619,0.0324,6986.82,Loyal,0,0
CUST-02620,0.0802,4134.24,New Low-Spend,0,0
CUST-02621,0.0582,7717.19,New High-Value,0,0
CUST-02622,0.0825,3897.69,New Low-Spend,0,0
CUST-02623,0.1387,8106.82,New High-Value,0,0
CUST-02624,0.0694,4834.48,New Low-Spend,0,0
CUST-02625,0.1049,8181.7,New High-Value,0,0
CUST-02626,0.181,5982.3,New High-Value,0,0
CUST-02627,0.1117,8057.39,New High-Value,0,0
CUST-02628,0.1206,4000.92,Loyal,0,0
CUST-02629,0.3041,6788.56,New High-Value,0,1
CUST-02630,0.2805,3464.41,Loyal,0,0
CUST-02631,0.2039,5466.45,New High-Value,0,0
CUST-02632,0.1191,4906.19,Loyal,0,0
CUST-02633,0.2459,4903.69,Loyal,0,0
CUST-02634,0.0636,6716.81,High-Value At-Risk,0,0
CUST-02635,0.0861,5716.34,Loyal,0,0
CUST-02636,0.1175,5609.68,New Low-Spend,0,0
CUST-02637,0.0462,7130.16,Loyal,0,0
CUST-02638,0.0597,10019.82,New High-Value,0,0
CUST-02639,0.1094,6626.22,New High-Value,0,0
CUST-02640,0.2823,6680.17,High-Value At-Risk,0,1
CUST-02641,0.0903,4582.32,Loyal,0,0
CUST-02642,0.1157,6173.27,Loyal,0,0
CUST-02643,0.2398,4552.44,High-Value At-Risk,0,0
CUST-02644,0.3747,5964.86,New High-Value,0,1
CUST-02645,0.2436,7237.4,New High-Value,0,0
CUST-02646,0.1049,6578.78,New High-Value,0,0
CUST-02647,0.2772,5715.47,New High-Value,0,1
CUST-02648,0.0873,5040.21,New Low-Spend,0,0
CUST-02649,0.1452,5678.96,High-Value At-Risk,0,0
CUST-02650,0.2971,5806.11,New High-Value,0,1
CUST-02651,0.1511,3492.28,New Low-Spend,0,0
CUST-02652,0.2277,4011.77,New Low-Spend,0,0
CUST-02653,0.0635,5144.52,Loyal,0,0
CUST-02654,0.3436,5428.44,High-Value At-Risk,0,1
CUST-02655,0.1477,4298.39,Loyal,0,0
CUST-02656,0.1209,5890.0,Loyal,0,0
CUST-02657,0.1199,6583.18,High-Value At-Risk,0,0
CUST-02658,0.0811,6368.04,New High-Value,0,0
CUST-02659,0.0709,5719.24,New Low-Spend,0,0
CUST-02660,0.0701,4675.4,New Low-Spend,0,0
CUST-02661,0.1195,6262.42,Loyal,0,0
CUST-02662,0.1162,4379.95,Loyal,0,0
CUST-02663,0.1994,5594.83,New High-Value,0,0
CUST-02664,0.221,4713.02,Loyal,0,0
CUST-02665,0.4581,6085.51,New High-Value,0,1
CUST-02666,0.3656,5722.91,High-Value At-Risk,0,1
CUST-02667,0.2932,4625.87,Loyal,0,0
CUST-02668,0.1699,5350.11,New High-Value,0,0
CUST-02669,0.1169,5056.54,Loyal,0,0
CUST-02670,0.0929,4393.98,Loyal,0,0
CUST-02671,0.1745,5975.59,New High-Value,0,0
CUST-02672,0.1086,4015.85,New Low-Spend,0,0
CUST-02673,0.1234,8223.78,New High-Value,0,0
CUST-02674,0.298,4469.94,New Low-Spend,0,0
CUST-02675,0.3452,5632.52,New High-Value,0,1
CUST-02676,0.3815,4774.86,New High-Value,0,0
CUST-02677,0.1428,3899.44,Loyal,0,0
CUST-02678,0.3481,4858.61,High-Value At-Risk,0,0
CUST-02679,0.2544,4945.88,High-Value At-Risk,0,0
CUST-02680,0.082,7542.98,High-Value At-Risk,0,0
CUST-02681,0.1211,5302.47,New Low-Spend,0,0
CUST-02682,0.1438,4851.96,High-Value At-Risk,0,0
CUST-02683,0.1271,5272.87,New Low-Spend,0,0
CUST-02684,0.1044,5212.19,High-Value At-Risk,0,0
CUST-02685,0.1069,7601.58,New High-Value,0,0
CUST-02686,0.099,5522.11,New Low-Spend,0,0
CUST-02687,0.0697,5757.94,Loyal,0,0
CUST-02688,0.1732,5289.32,New Low-Spend,0,0
CUST-02689,0.1146,5548.19,New High-Value,0,0
CUST-02690,0.066,7516.55,New High-Value,0,0
CUST-02691,0.3573,5353.56,New High-Value,0,1
CUST-02692,0.2429,5847.38,New High-Value,0,0
CUST-02693,0.2751,4664.11,High-Value At-Risk,0,0
CUST-02694,0.3374,6307.97,High-Value At-Risk,0,1
CUST-02695,0.1991,5133.39,Loyal,0,0
CUST-02696,0.2115,2976.72,New Low-Spend,0,0
CUST-02697,0.3444,5646.27,High-Value At-Risk,0,1
CUST-02698,0.1353,7778.67,High-Value At-Risk,0,0
CUST-02699,0.325,4202.68,New Low-Spend,0,0
CUST-02700,0.1881,4542.84,New Low-Spend,0,0
CUST-02701,0.1601,3867.33,New Low-Spend,0,0
CUST-02702,0.274,4069.77,New Low-Spend,0,0
CUST-02703,0.121,5463.75,New Low-Spend,0,0
CUST-02704,0.1778,5449.15,High-Value At-Risk,1,0
CUST-02705,0.2708,3795.15,High-Value At-Risk,0,0
CUST-02706,0.0885,3898.19,New Low-Spend,0,0
CUST-02707,0.3104,2908.95,New Low-Spend,0,0
CUST-02708,0.1545,5357.36,New Low-Spend,0,0
CUST-02709,0.0748,6370.79,New High-Value,0,0
CUST-02710,0.0645,6346.44,New Low-Spend,0,0
CUST-02711,0.236,5777.7,New High-Value,0,0
CUST-02712,0.108,7433.16,New High-Value,0,0
CUST-02713,0.0596,5804.7,Loyal,0,0
CUST-02714,0.1011,7324.91,High-Value At-Risk,0,0
CUST-02715,0.262,3525.37,High-Value At-Risk,0,0
CUST-02716,0.3346,7370.05,New High-Value,0,1
CUST-02717,0.1421,4673.25,New Low-Spend,0,0
CUST-02718,0.246,5969.58,New High-Value,0,0
CUST-02719,0.04,7700.15,New High-Value,0,0
CUST-02720,0.3892,6625.61,New High-Value,0,1
CUST-02721,0.2053,3195.1,New Low-Spend,0,0
CUST-02722,0.0373,6179.55,New High-Value,0,0
CUST-02723,0.2646,3938.2,New Low-Spend,0,0
CUST-02724,0.0446,3872.93,New Low-Spend,0,0
CUST-02725,0.1515,3692.56,New Low-Spend,0,0
CUST-02726,0.0457,7035.65,New High-Value,0,0
CUST-02727,0.0859,6375.71,New High-Value,0,0
CUST-02728,0.3967,3941.21,New Low-Spend,0,0
CUST-02729,0.2808,6080.82,New High-Value,0,1
CUST-02730,0.0861,7277.41,Loyal,0,0
CUST-02731,0.2208,6899.0,New High-Value,0,0
CUST-02732,0.2534,5975.42,New High-Value,0,1
CUST-02733,0.1331,5905.43,High-Value At-Risk,0,0
CUST-02734,0.1285,2667.55,Loyal,0,0
CUST-02735,0.2903,5238.86,High-Value At-Risk,0,0
CUST-02736,0.2083,4358.95,New Low-Spend,0,0
CUST-02737,0.2672,3514.83,New Low-Spend,1,0
CUST-02738,0.0959,4756.89,Loyal,0,0
CUST-02739,0.2075,4868.83,New High-Value,0,0
CUST-02740,0.2314,5972.48,New High-Value,0,0
CUST-02741,0.1799,5505.08,New High-Value,0,0
CUST-02742,0.1016,8272.38,New High-Value,0,0
CUST-02743,0.2015,5582.7,Loyal,0,0
CUST-02744,0.2409,3091.79,New Low-Spend,0,0
CUST-02745,0.2207,6924.56,High-Value At-Risk,0,0
CUST-02746,0.1401,4058.3,New Low-Spend,0,0
CUST-02747,0.0816,5011.16,High-Value At-Risk,0,0
CUST-02748,0.132,5627.77,New High-Value,0,0
CUST-02749,0.1876,4795.81,New Low-Spend,0,0
CUST-02750,0.1257,3978.04,New Low-Spend,0,0
CUST-02751,0.028,4621.71,Loyal,0,0
CUST-02752,0.2977,3473.23,High-Value At-Risk,0,0
CUST-02753,0.129,6016.11,New High-Value,0,0
CUST-02754,0.2835,4433.34,New Low-Spend,0,0
CUST-02755,0.2545,3737.06,High-Value At-Risk,0,0
CUST-02756,0.1641,5655.29,New High-Value,0,0
CUST-02757,0.0635,4828.12,New Low-Spend,0,0
CUST-02758,0.2559,4301.35,New Low-Spend,0,0
CUST-02759,0.1223,3032.57,New Low-Spend,0,0
CUST-02760,0.169,4119.5,New Low-Spend,0,0
CUST-02761,0.089,7696.75,New High-Value,0,0
CUST-02762,0.2664,3505.42,New Low-Spend,0,0
CUST-02763,0.1407,5163.47,New Low-Spend,0,0
CUST-02764,0.1188,7242.6,New High-Value,0,0
CUST-02765,0.0555,5171.76,Loyal,0,0
CUST-02766,0.1738,3991.65,New Low-Spend,0,0
CUST-02767,0.257,4899.04,Loyal,0,0
CUST-02768,0.1241,5332.75,High-Value At-Risk,0,0
CUST-02769,0.0332,7165.81,High-Value At-Risk,0,0
CUST-02770,0.3043,6694.5,New High-Value,0,1
CUST-02771,0.2076,3045.95,New Low-Spend,0,0
CUST-02772,0.1581,4175.67,New Low-Spend,0,0
CUST-02773,0.1503,5331.77,New High-Value,0,0
CUST-02774,0.1876,4136.25,New Low-Spend,0,0
CUST-02775,0.1297,7120.75,New High-Value,0,0
CUST-02776,0.1219,2545.33,New Low-Spend,1,0
CUST-02777,0.1553,5280.88,New High-Value,0,0
CUST-02778,0.1195,9708.74,New High-Value,0,0
CUST-02779,0.1978,5929.86,New High-Value,0,0
CUST-02780,0.1436,3546.01,New Low-Spend,0,0
CUST-02781,0.0995,4843.21,New Low-Spend,0,0
CUST-02782,0.4101,5743.48,High-Value At-Risk,0,1
CUST-02783,0.0429,6949.38,Loyal,0,0
CUST-02784,0.1265,5167.37,New High-Value,0,0
CUST-02785,0.3551,5680.58,New High-Value,0,1
CUST-02786,0.0696,6433.19,New High-Value,0,0
CUST-02787,0.3664,3559.86,New Low-Spend,0,0
CUST-02788,0.2151,5771.9,New High-Value,0,0
CUST-02789,0.3667,6450.98,High-Value At-Risk,0,1
CUST-02790,0.0428,3587.14,Loyal,0,0
CUST-02791,0.3372,5628.21,High-Value At-Risk,0,1
CUST-02792,0.1891,5366.96,High-Value At-Risk,0,0
CUST-02793,0.1471,6051.35,New High-Value,0,0
CUST-02794,0.2326,8080.75,New High-Value,0,0
CUST-02795,0.2092,5575.63,Loyal,0,0
CUST-02796,0.29,4965.79,New High-Value,0,0
CUST-02797,0.0585,6606.98,New High-Value,0,0
CUST-02798,0.2447,5814.73,New High-Value,0,0
CUST-02799,0.1106,5440.79,High-Value At-Risk,0,0
CUST-02800,0.2577,5700.54,New High-Value,0,1
CUST-02801,0.2294,7125.45,New High-Value,0,0
CUST-02802,0.0698,6271.6,High-Value At-Risk,0,0
CUST-02803,0.1911,2615.89,New Low-Spend,0,0
CUST-02804,0.285,6614.2,Loyal,0,1
CUST-02805,0.0644,4473.08,New Low-Spend,0,0
CUST-02806,0.1242,5541.69,New High-Value,0,0
CUST-02807,0.2646,4101.85,New Low-Spend,0,0
CUST-02808,0.1132,3942.44,New Low-Spend,0,0
CUST-02809,0.2235,6685.01,New High-Value,0,0
CUST-02810,0.1076,3645.21,New Low-Spend,0,0
CUST-02811,0.3426,4135.84,New Low-Spend,0,0
CUST-02812,0.1021,5714.96,Loyal,0,0
CUST-02813,0.0865,5074.2,High-Value At-Risk,0,0
CUST-02814,0.0928,8402.85,New High-Value,0,0
CUST-02815,0.1234,4640.35,Loyal,0,0
CUST-02816,0.3536,6184.82,New High-Value,0,1
CUST-02817,0.1807,6171.35,New High-Value,0,0
CUST-02818,0.4054,5494.25,High-Value At-Risk,0,1
CUST-02819,0.2797,6231.82,New High-Value,0,1
CUST-02820,0.0697,7052.26,High-Value At-Risk,0,0
CUST-02821,0.2979,3376.79,New Low-Spend,0,0
CUST-02822,0.1869,2417.54,New Low-Spend,0,0
CUST-02823,0.2011,4166.78,New Low-Spend,0,0
CUST-02824,0.1246,7081.75,High-Value At-Risk,0,0
CUST-02825,0.2384,6999.14,New High-Value,0,0
CUST-02826,0.1309,6400.37,New High-Value,0,0
CUST-02827,0.1251,3456.94,Loyal,1,0
CUST-02828,0.3096,5559.54,New High-Value,0,1
CUST-02829,0.2016,8462.88,New High-Value,0,0
CUST-02830,0.247,6275.96,Loyal,0,0
CUST-02831,0.1965,3599.27,High-Value At-Risk,0,0
CUST-02832,0.216,5436.77,High-Value At-Risk,0,0
CUST-02833,0.2772,4957.12,High-Value At-Risk,0,0
CUST-02834,0.1279,5617.62,New Low-Spend,0,0
CUST-02835,0.062,4826.21,New Low-Spend,0,0
CUST-02836,0.2821,5846.82,New High-Value,0,1
CUST-02837,0.0704,5473.93,New Low-Spend,0,0
CUST-02838,0.2592,3719.96,New Low-Spend,0,0
CUST-02839,0.2166,5408.34,New High-Value,0,0
CUST-02840,0.0765,5756.29,New Low-Spend,0,0
CUST-02841,0.2397,4163.74,New Low-Spend,0,0
CUST-02842,0.0871,8501.95,New High-Value,0,0
CUST-02843,0.3411,4855.96,New High-Value,0,0
CUST-02844,0.1167,4547.86,New Low-Spend,0,0
CUST-02845,0.2863,4750.84,New Low-Spend,0,0
CUST-02846,0.1553,4927.28,New High-Value,0,0
CUST-02847,0.1498,7785.8,New High-Value,0,0
CUST-02848,0.3846,4147.82,New Low-Spend,0,0
CUST-02849,0.3604,6620.34,New High-Value,0,1
CUST-02850,0.0682,4063.97,New Low-Spend,0,0
CUST-02851,0.1921,4873.95,High-Value At-Risk,0,0
CUST-02852,0.1466,4094.85,New Low-Spend,0,0
CUST-02853,0.2574,4878.82,Loyal,0,0
CUST-02854,0.1892,4340.35,New Low-Spend,0,0
CUST-02855,0.1266,7143.87,High-Value At-Risk,0,0
CUST-02856,0.0559,7494.25,Loyal,0,0
CUST-02857,0.2338,4246.65,New Low-Spend,0,0
CUST-02858,0.3522,5967.67,New High-Value,0,1
CUST-02859,0.3336,4709.34,New Low-Spend,0,0
CUST-02860,0.1317,3970.66,New Low-Spend,0,0
CUST-02861,0.0864,3818.98,New Low-Spend,0,0
CUST-02862,0.138,6132.69,New High-Value,0,0
CUST-02863,0.0686,5593.35,High-Value At-Risk,0,0
CUST-02864,0.1466,6726.39,High-Value At-Risk,0,0
CUST-02865,0.1037,5322.16,Loyal,0,0
CUST-02866,0.2416,6399.1,New High-Value,0,0
CUST-02867,0.3091,2681.49,New Low-Spend,1,0
CUST-02868,0.0493,8227.16,New High-Value,0,0
CUST-02869,0.0841,5464.63,Loyal,0,0
CUST-02870,0.3594,4715.6,New High-Value,0,0
CUST-02871,0.1419,7536.09,New High-Value,0,0
CUST-02872,0.1104,7505.12,High-Value At-Risk,0,0
CUST-02873,0.2409,4605.61,New Low-Spend,0,0
CUST-02874,0.0978,5675.97,New Low-Spend,0,0
CUST-02875,0.3512,5394.75,New High-Value,0,1
CUST-02876,0.0664,4150.21,New Low-Spend,1,0
CUST-02877,0.2238,2867.72,New Low-Spend,0,0
CUST-02878,0.2549,4607.89,New Low-Spend,0,0
CUST-02879,0.3913,2929.36,New Low-Spend,0,0
CUST-02880,0.1182,3355.67,New Low-Spend,0,0
CUST-02881,0.1425,8677.96,New High-Value,0,0
CUST-02882,0.1474,4654.84,New Low-Spend,0,0
CUST-02883,0.1538,5309.52,New High-Value,0,0
CUST-02884,0.2114,5025.36,New High-Value,0,0
CUST-02885,0.21,6864.24,New High-Value,0,0
CUST-02886,0.0678,3653.8,New Low-Spend,0,0
CUST-02887,0.2731,4066.1,Loyal,1,0
CUST-02888,0.0545,6276.52,New Low-Spend,0,0
CUST-02889,0.079,5688.74,New Low-Spend,0,0
CUST-02890,0.3226,4450.31,New Low-Spend,0,0
CUST-02891,0.2219,3969.83,New Low-Spend,0,0
CUST-02892,0.0415,7776.16,New High-Value,0,0
CUST-02893,0.1378,4807.2,New Low-Spend,0,0
CUST-02894,0.1045,6821.98,New High-Value,0,0
CUST-02895,0.129,2487.76,Loyal,0,0
CUST-02896,0.2574,5873.43,New High-Value,0,1
CUST-02897,0.1408,6389.92,High-Value At-Risk,0,0
CUST-02898,0.1208,4719.03,New Low-Spend,0,0
CUST-02899,0.121,5478.24,New Low-Spend,0,0
CUST-02900,0.1132,2901.02,New Low-Spend,1,0
CUST-02901,0.2135,5324.74,New High-Value,0,0
CUST-02902,0.4314,5703.59,High-Value At-Risk,0,1
CUST-02903,0.239,2929.46,New Low-Spend,0,0
CUST-02904,0.087,6430.76,High-Value At-Risk,1,0
CUST-02905,0.3549,5729.09,New High-Value,0,1
CUST-02906,0.2384,4495.64,High-Value At-Risk,0,0
CUST-02907,0.1136,7415.33,New High-Value,0,0
CUST-02908,0.0989,5634.5,Loyal,0,0
CUST-02909,0.354,5477.95,New High-Value,0,1
CUST-02910,0.0629,6415.03,Loyal,0,0
CUST-02911,0.3291,6132.86,New High-Value,0,1
CUST-02912,0.0552,6821.61,New High-Value,0,0
CUST-02913,0.0381,4603.33,New Low-Spend,0,0
CUST-02914,0.4053,5357.41,New High-Value,0,1
CUST-02915,0.4528,5292.43,High-Value At-Risk,0,0
CUST-02916,0.0949,3310.78,New Low-Spend,0,0
CUST-02917,0.0807,7061.48,High-Value At-Risk,0,0
CUST-02918,0.1043,7062.35,New High-Value,0,0
CUST-02919,0.2354,4322.61,New Low-Spend,0,0
CUST-02920,0.0507,8938.88,Loyal,0,0
CUST-02921,0.3235,3135.25,New Low-Spend,0,0
CUST-02922,0.0852,5145.54,New Low-Spend,0,0
CUST-02923,0.188,4295.64,New Low-Spend,0,0
CUST-02924,0.4541,5109.6,New High-Value,0,0
CUST-02925,0.1408,4059.14,New Low-Spend,0,0
CUST-02926,0.0687,5006.55,New Low-Spend,0,0
CUST-02927,0.1066,6997.78,High-Value At-Risk,0,0
CUST-02928,0.1699,4017.19,Loyal,0,0
CUST-02929,0.0361,4956.88,Loyal,0,0
CUST-02930,0.3651,7029.22,High-Value At-Risk,0,1
CUST-02931,0.1727,3829.83,New Low-Spend,0,0
CUST-02932,0.0728,3998.37,New Low-Spend,0,0
CUST-02933,0.2918,4278.79,High-Value At-Risk,0,0
CUST-02934,0.0429,3636.66,Loyal,0,0
CUST-02935,0.0858,5163.84,Loyal,0,0
CUST-02936,0.3794,5518.57,New High-Value,0,1
CUST-02937,0.2418,6485.87,High-Value At-Risk,0,0
CUST-02938,0.1626,6138.68,New High-Value,0,0
CUST-02939,0.162,4954.62,High-Value At-Risk,0,0
CUST-02940,0.0566,3912.49,New Low-Spend,0,0
CUST-02941,0.3104,4154.09,New Low-Spend,0,0
CUST-02942,0.0425,6054.41,New Low-Spend,0,0
CUST-02943,0.3265,5419.14,New High-Value,0,1
CUST-02944,0.2257,2319.57,New Low-Spend,0,0
CUST-02945,0.1068,7721.58,High-Value At-Risk,0,0
CUST-02946,0.3448,4390.68,High-Value At-Risk,0,0
CUST-02947,0.125,4013.64,New Low-Spend,0,0
CUST-02948,0.0889,6501.3,High-Value At-Risk,0,0
CUST-02949,0.0466,5475.52,New Low-Spend,0,0
CUST-02950,0.1892,3613.23,Loyal,0,0
CUST-02951,0.175,4389.35,High-Value At-Risk,0,0
CUST-02952,0.0752,7713.06,New High-Value,0,0
CUST-02953,0.2785,5822.19,New High-Value,0,1
CUST-02954,0.0399,5805.49,Loyal,0,0
CUST-02955,0.0282,5690.3,Loyal,0,0
CUST-02956,0.1234,7663.3,New High-Value,0,0
CUST-02957,0.0527,3581.11,New Low-Spend,0,0
CUST-02958,0.0632,4095.33,New Low-Spend,0,0
CUST-02959,0.2863,3594.55,New Low-Spend,0,0
CUST-02960,0.0693,7186.96,New High-Value,0,0
CUST-02961,0.1664,7951.37,New High-Value,0,0
CUST-02962,0.2648,5773.39,High-Value At-Risk,0,1
CUST-02963,0.0592,6129.95,Loyal,0,0
CUST-02964,0.2315,7053.77,New High-Value,0,0
CUST-02965,0.2434,4586.32,High-Value At-Risk,0,0
CUST-02966,0.0831,5586.2,Loyal,1,0
CUST-02967,0.0898,6795.76,New High-Value,0,0
CUST-02968,0.385,5631.11,New High-Value,0,1
CUST-02969,0.0754,3465.82,New Low-Spend,0,0
CUST-02970,0.3399,4130.38,New Low-Spend,0,0
CUST-02971,0.1204,4172.34,New Low-Spend,0,0
CUST-02972,0.3818,5682.23,New High-Value,0,1
CUST-02973,0.0777,6173.87,New Low-Spend,0,0
CUST-02974,0.4189,5503.93,New High-Value,0,1
CUST-02975,0.1358,3836.68,Loyal,0,0
CUST-02976,0.0513,3380.99,New Low-Spend,0,0
CUST-02977,0.3753,3843.78,New Low-Spend,0,0
CUST-02978,0.11,5302.22,Loyal,0,0
CUST-02979,0.1465,3838.47,New Low-Spend,0,0
CUST-02980,0.0941,5424.58,Loyal,0,0
CUST-02981,0.1414,6182.41,New High-Value,0,0
CUST-02982,0.0687,7423.72,Loyal,0,0
CUST-02983,0.1943,3325.67,New Low-Spend,0,0
CUST-02984,0.4118,4546.57,High-Value At-Risk,0,0
CUST-02985,0.0689,4596.24,New Low-Spend,0,0
CUST-02986,0.1281,4280.1,New Low-Spend,0,0
CUST-02987,0.1931,4009.5,New Low-Spend,0,0
CUST-02988,0.2159,5382.76,New High-Value,0,0
CUST-02989,0.1524,6057.22,New High-Value,0,0
CUST-02990,0.2798,5510.8,High-Value At-Risk,0,1
CUST-02991,0.0587,4837.72,New Low-Spend,0,0
CUST-02992,0.4313,3789.92,New Low-Spend,0,0
CUST-02993,0.0823,4271.99,High-Value At-Risk,0,0
CUST-02994,0.1332,3946.12,Loyal,0,0
CUST-02995,0.0385,6451.53,Loyal,0,0
CUST-02996,0.1228,6020.55,High-Value At-Risk,0,0
CUST-02997,0.0641,6025.38,New Low-Spend,0,0
CUST-02998,0.1863,5678.5,New High-Value,0,0
CUST-02999,0.0957,5521.02,New High-Value,0,0
CUST-03000,0.2277,3754.85,New Low-Spend,0,0
